sample,value,step,direction,file,Step
Gb_BS_imp_15O4_s_31,43267,ASV,Both,Both,ASV
Gb_BS_imp_18R6_s_38,93705,ASV,Both,Both,ASV
Gb_BS_imp_23W4_s_37,70796,ASV,Both,Both,ASV
Gb_BS_imp_9I4_s_39,51097,ASV,Both,Both,ASV
Gb_BS_unimp_14N5_s_41,127763,ASV,Both,Both,ASV
Gb_BS_unimp_3C6_s_43,63710,ASV,Both,Both,ASV
Gb_BS_unimp_4D2_s_40,53551,ASV,Both,Both,ASV
Gb_BS_unimp_6F4_s_42,77902,ASV,Both,Both,ASV
Gb_Can_M_Trip8-75.1_d_69,152442,ASV,Both,Both,ASV
Gb_Can_M_Trip8-75.2_d_70,126562,ASV,Both,Both,ASV
Gb_Can_M_Trip8-75.3_d_71,90938,ASV,Both,Both,ASV
Gb_Can_S_15O6_d_75,53382,ASV,Both,Both,ASV
Gb_Can_S_16P6_s_55,275916,ASV,Both,Both,ASV
Gb_Can_S_17Q3_d_77,127561,ASV,Both,Both,ASV
Gb_Can_S_23W6_d_78,45398,ASV,Both,Both,ASV
Gb_Can_S_2B6_d_76,100310,ASV,Both,Both,ASV
Gb_Can_S_5E2_s_44,125669,ASV,Both,Both,ASV
Gb_Can_S_8H6_s_54,90499,ASV,Both,Both,ASV
Gb_FS_MPA_14N4_s_50,75533,ASV,Both,Both,ASV
Gb_FS_MPA_20T6_s_49,74194,ASV,Both,Both,ASV
Gb_FS_MPA_22V2_s_51,100522,ASV,Both,Both,ASV
Gb_NOR_17Q2_s_01,130050,ASV,Both,Both,ASV
Gb_NOR_18R2_s_02,78586,ASV,Both,Both,ASV
Gb_NOR_1A7_s_03,63653,ASV,Both,Both,ASV
Gb_NwK_12L5_s_27,60510,ASV,Both,Both,ASV
Gb_NwK_21U5_s_28,77802,ASV,Both,Both,ASV
Gb_OK_289_d_02,75253,ASV,Both,Both,ASV
Gb_RSB_MPA_13M4_d_74,43638,ASV,Both,Both,ASV
Gb_RSB_MPA_13M5_d_72,64014,ASV,Both,Both,ASV
Gb_RSB_MPA_18R4_d_73,75344,ASV,Both,Both,ASV
Gb_SRT_1A5_s_23,127619,ASV,Both,Both,ASV
Gb_SRT_8H5_s_22,112559,ASV,Both,Both,ASV
Gb_Sva_20T5_s_25,68540,ASV,Both,Both,ASV
Gb_Sva_7G6_s_26,57925,ASV,Both,Both,ASV
Gb_Sw_15O5_s_21,153290,ASV,Both,Both,ASV
Gb_Sw_22V6_s_06,115641,ASV,Both,Both,ASV
Gh_Can_M_Trip8-75.5_d_66,116880,ASV,Both,Both,ASV
Gh_Can_M_Trip8-75.7_d_67,135646,ASV,Both,Both,ASV
Gh_Can_M_Trip8-75.8_d_68,105144,ASV,Both,Both,ASV
Gh_Ice_A11-641-B_s_25,212945,ASV,Both,Both,ASV
Gh_Ice_ME85-3-1123-2-C_d_59,139111,ASV,Both,Both,ASV
Gh_Ice_ME85-3-1123-B_d_60,193534,ASV,Both,Both,ASV
Gh_Ice_ME85-3-1132-A_s_32,231820,ASV,Both,Both,ASV
Gh_JMR-SM_AGT03-26_d_93,125531,ASV,Both,Both,ASV
Gh_JMR_DR01-A_d_87,96792,ASV,Both,Both,ASV
Gh_JMR_DR01-B_d_88,111716,ASV,Both,Both,ASV
Gh_JMR_DR01-C_d_89,98599,ASV,Both,Both,ASV
Gh_JMR_DR05-1-A_s_85,108558,ASV,Both,Both,ASV
Gh_JMR_DR05-1-B_s_86,109022,ASV,Both,Both,ASV
Gh_KS_193.1_d_79,64772,ASV,Both,Both,ASV
Gh_KS_193.2_d_81,186762,ASV,Both,Both,ASV
Gh_KS_197.1_s_57,131820,ASV,Both,Both,ASV
Gh_KS_200.5_s_58,111002,ASV,Both,Both,ASV
Gh_OK_293_d_01,169055,ASV,Both,Both,ASV
Gh_SM_AGT07-22.10_s_28,135917,ASV,Both,Both,ASV
Gh_SM_AGT07-22.2_s_56,136046,ASV,Both,Both,ASV
Gh_SM_AGT07-22.3_s_27,89334,ASV,Both,Both,ASV
Gh_SM_ROV12-11.2_d_29,52714,ASV,Both,Both,ASV
Gh_SM_ROV19-11_d_30,104098,ASV,Both,Both,ASV
Gh_Sva_100_d_82,136867,ASV,Both,Both,ASV
Gh_Sva_101_d_84,182098,ASV,Both,Both,ASV
Gh_Sva_62_s_31,53200,ASV,Both,Both,ASV
Gh_Vst_011TVG-004B_d_92,82060,ASV,Both,Both,ASV
Gh_Vst_019TVG-003B_d_90,171116,ASV,Both,Both,ASV
Gh_Vst_019TVG-010B_d_91,81831,ASV,Both,Both,ASV
Gh_Vst_045TVG-005B_i_61,196742,ASV,Both,Both,ASV
Gh_Vst_045TVG-011B_i_62,228475,ASV,Both,Both,ASV
Gh_Vst_045TVG-012B_i_64,154974,ASV,Both,Both,ASV
Gh_Vst_080TVG-009B_s_17,144894,ASV,Both,Both,ASV
Gh_Vst_080TVG-010B_s_18,299503,ASV,Both,Both,ASV
Gh_Vst_080TVG-013B_s_19,228034,ASV,Both,Both,ASV
Pv_FS_MPA_01601_s_52,47551,ASV,Both,Both,ASV
Pv_FS_MPA_01602_s_26,82190,ASV,Both,Both,ASV
Pv_FS_MPA_01603_s_53,32403,ASV,Both,Both,ASV
Pv_NoS_11452_s_08,102438,ASV,Both,Both,ASV
Pv_NoS_11456_s_22,100495,ASV,Both,Both,ASV
Pv_NoS_Notag_s_09,108395,ASV,Both,Both,ASV
Pv_NwK_ST5-38_s_29,78101,ASV,Both,Both,ASV
Pv_NwK_ST5-39_s_30,114489,ASV,Both,Both,ASV
Pv_RB_11218_s_13,229843,ASV,Both,Both,ASV
Pv_RB_11221_s_23,192934,ASV,Both,Both,ASV
Pv_RB_1418_s_15,95290,ASV,Both,Both,ASV
Pv_RB_1420_s_16,93052,ASV,Both,Both,ASV
Pv_RB_MPA_11417_s_20,69046,ASV,Both,Both,ASV
Pv_RB_MPA_11419_s_21,158801,ASV,Both,Both,ASV
Pv_RB_MPA_1865_s_24,47239,ASV,Both,Both,ASV
Pv_RB_MPA_1866_s_14,58865,ASV,Both,Both,ASV
Pv_SMK_ROV25-12_s_33,50310,ASV,Both,Both,ASV
Pv_SMK_ROV25-13_s_35,36099,ASV,Both,Both,ASV
Pv_SMK_ROV25-14_s_36,98142,ASV,Both,Both,ASV
Pv_SRT_046-26_s_11,65090,ASV,Both,Both,ASV
Pv_SRT_046-49_s_12,132800,ASV,Both,Both,ASV
Pv_SSNd_H044-01642_s_45,107416,ASV,Both,Both,ASV
Pv_SSNd_H044-01643_s_46,55021,ASV,Both,Both,ASV
Pv_SSNd_H044-01645_s_47,45194,ASV,Both,Both,ASV
Pv_Sw_11_s_05,57479,ASV,Both,Both,ASV
Pv_Sw_9_s_04,55671,ASV,Both,Both,ASV
Gb_BS_imp_15O4_s_31_R1_filt.fastq.gz,17207,Tabled,Both,Both,FUSION
Gb_BS_imp_18R6_s_38_R1_filt.fastq.gz,37053,Tabled,Both,Both,FUSION
Gb_BS_imp_23W4_s_37_R1_filt.fastq.gz,28453,Tabled,Both,Both,FUSION
Gb_BS_imp_9I4_s_39_R1_filt.fastq.gz,21578,Tabled,Both,Both,FUSION
Gb_BS_unimp_14N5_s_41_R1_filt.fastq.gz,52783,Tabled,Both,Both,FUSION
Gb_BS_unimp_3C6_s_43_R1_filt.fastq.gz,24373,Tabled,Both,Both,FUSION
Gb_BS_unimp_4D2_s_40_R1_filt.fastq.gz,22554,Tabled,Both,Both,FUSION
Gb_BS_unimp_6F4_s_42_R1_filt.fastq.gz,33477,Tabled,Both,Both,FUSION
Gb_Can_M_Trip8-75.1_d_69_R1_filt.fastq.gz,53043,Tabled,Both,Both,FUSION
Gb_Can_M_Trip8-75.2_d_70_R1_filt.fastq.gz,47496,Tabled,Both,Both,FUSION
Gb_Can_M_Trip8-75.3_d_71_R1_filt.fastq.gz,32555,Tabled,Both,Both,FUSION
Gb_Can_S_15O6_d_75_R1_filt.fastq.gz,21629,Tabled,Both,Both,FUSION
Gb_Can_S_16P6_s_55_R1_filt.fastq.gz,117717,Tabled,Both,Both,FUSION
Gb_Can_S_17Q3_d_77_R1_filt.fastq.gz,48861,Tabled,Both,Both,FUSION
Gb_Can_S_23W6_d_78_R1_filt.fastq.gz,18173,Tabled,Both,Both,FUSION
Gb_Can_S_2B6_d_76_R1_filt.fastq.gz,31889,Tabled,Both,Both,FUSION
Gb_Can_S_5E2_s_44_R1_filt.fastq.gz,54791,Tabled,Both,Both,FUSION
Gb_Can_S_8H6_s_54_R1_filt.fastq.gz,39836,Tabled,Both,Both,FUSION
Gb_FS_MPA_14N4_s_50_R1_filt.fastq.gz,25288,Tabled,Both,Both,FUSION
Gb_FS_MPA_20T6_s_49_R1_filt.fastq.gz,30715,Tabled,Both,Both,FUSION
Gb_FS_MPA_22V2_s_51_R1_filt.fastq.gz,40083,Tabled,Both,Both,FUSION
Gb_NOR_17Q2_s_01_R1_filt.fastq.gz,50819,Tabled,Both,Both,FUSION
Gb_NOR_18R2_s_02_R1_filt.fastq.gz,35691,Tabled,Both,Both,FUSION
Gb_NOR_1A7_s_03_R1_filt.fastq.gz,28512,Tabled,Both,Both,FUSION
Gb_NwK_12L5_s_27_R1_filt.fastq.gz,25691,Tabled,Both,Both,FUSION
Gb_NwK_21U5_s_28_R1_filt.fastq.gz,29235,Tabled,Both,Both,FUSION
Gb_OK_289_d_02_R1_filt.fastq.gz,32928,Tabled,Both,Both,FUSION
Gb_RSB_MPA_13M4_d_74_R1_filt.fastq.gz,17831,Tabled,Both,Both,FUSION
Gb_RSB_MPA_13M5_d_72_R1_filt.fastq.gz,24371,Tabled,Both,Both,FUSION
Gb_RSB_MPA_18R4_d_73_R1_filt.fastq.gz,27178,Tabled,Both,Both,FUSION
Gb_SRT_1A5_s_23_R1_filt.fastq.gz,52204,Tabled,Both,Both,FUSION
Gb_SRT_8H5_s_22_R1_filt.fastq.gz,44453,Tabled,Both,Both,FUSION
Gb_Sva_20T5_s_25_R1_filt.fastq.gz,24125,Tabled,Both,Both,FUSION
Gb_Sva_7G6_s_26_R1_filt.fastq.gz,22613,Tabled,Both,Both,FUSION
Gb_Sw_15O5_s_21_R1_filt.fastq.gz,56580,Tabled,Both,Both,FUSION
Gb_Sw_22V6_s_06_R1_filt.fastq.gz,48098,Tabled,Both,Both,FUSION
Gh_Can_M_Trip8-75.5_d_66_R1_filt.fastq.gz,41648,Tabled,Both,Both,FUSION
Gh_Can_M_Trip8-75.7_d_67_R1_filt.fastq.gz,51509,Tabled,Both,Both,FUSION
Gh_Can_M_Trip8-75.8_d_68_R1_filt.fastq.gz,39933,Tabled,Both,Both,FUSION
Gh_Ice_A11-641-B_s_25_R1_filt.fastq.gz,71099,Tabled,Both,Both,FUSION
Gh_Ice_ME85-3-1123-2-C_d_59_R1_filt.fastq.gz,51814,Tabled,Both,Both,FUSION
Gh_Ice_ME85-3-1123-B_d_60_R1_filt.fastq.gz,71776,Tabled,Both,Both,FUSION
Gh_Ice_ME85-3-1132-A_s_32_R1_filt.fastq.gz,104791,Tabled,Both,Both,FUSION
Gh_JMR-SM_AGT03-26_d_93_R1_filt.fastq.gz,43505,Tabled,Both,Both,FUSION
Gh_JMR_DR01-A_d_87_R1_filt.fastq.gz,35083,Tabled,Both,Both,FUSION
Gh_JMR_DR01-B_d_88_R1_filt.fastq.gz,42928,Tabled,Both,Both,FUSION
Gh_JMR_DR01-C_d_89_R1_filt.fastq.gz,36457,Tabled,Both,Both,FUSION
Gh_JMR_DR05-1-A_s_85_R1_filt.fastq.gz,39423,Tabled,Both,Both,FUSION
Gh_JMR_DR05-1-B_s_86_R1_filt.fastq.gz,42889,Tabled,Both,Both,FUSION
Gh_KS_193.1_d_79_R1_filt.fastq.gz,27196,Tabled,Both,Both,FUSION
Gh_KS_193.2_d_81_R1_filt.fastq.gz,74888,Tabled,Both,Both,FUSION
Gh_KS_197.1_s_57_R1_filt.fastq.gz,46857,Tabled,Both,Both,FUSION
Gh_KS_200.5_s_58_R1_filt.fastq.gz,49385,Tabled,Both,Both,FUSION
Gh_OK_293_d_01_R1_filt.fastq.gz,62092,Tabled,Both,Both,FUSION
Gh_SM_AGT07-22.10_s_28_R1_filt.fastq.gz,47636,Tabled,Both,Both,FUSION
Gh_SM_AGT07-22.2_s_56_R1_filt.fastq.gz,53586,Tabled,Both,Both,FUSION
Gh_SM_AGT07-22.3_s_27_R1_filt.fastq.gz,36617,Tabled,Both,Both,FUSION
Gh_SM_ROV12-11.2_d_29_R1_filt.fastq.gz,18611,Tabled,Both,Both,FUSION
Gh_SM_ROV19-11_d_30_R1_filt.fastq.gz,34952,Tabled,Both,Both,FUSION
Gh_Sva_100_d_82_R1_filt.fastq.gz,56492,Tabled,Both,Both,FUSION
Gh_Sva_101_d_84_R1_filt.fastq.gz,69976,Tabled,Both,Both,FUSION
Gh_Sva_62_s_31_R1_filt.fastq.gz,22272,Tabled,Both,Both,FUSION
Gh_Vst_011TVG-004B_d_92_R1_filt.fastq.gz,29471,Tabled,Both,Both,FUSION
Gh_Vst_019TVG-003B_d_90_R1_filt.fastq.gz,64769,Tabled,Both,Both,FUSION
Gh_Vst_019TVG-010B_d_91_R1_filt.fastq.gz,27796,Tabled,Both,Both,FUSION
Gh_Vst_045TVG-005B_i_61_R1_filt.fastq.gz,82606,Tabled,Both,Both,FUSION
Gh_Vst_045TVG-011B_i_62_R1_filt.fastq.gz,90845,Tabled,Both,Both,FUSION
Gh_Vst_045TVG-012B_i_64_R1_filt.fastq.gz,60429,Tabled,Both,Both,FUSION
Gh_Vst_080TVG-009B_s_17_R1_filt.fastq.gz,63139,Tabled,Both,Both,FUSION
Gh_Vst_080TVG-010B_s_18_R1_filt.fastq.gz,121927,Tabled,Both,Both,FUSION
Gh_Vst_080TVG-013B_s_19_R1_filt.fastq.gz,95354,Tabled,Both,Both,FUSION
Pv_FS_MPA_01601_s_52_R1_filt.fastq.gz,19192,Tabled,Both,Both,FUSION
Pv_FS_MPA_01602_s_26_R1_filt.fastq.gz,29070,Tabled,Both,Both,FUSION
Pv_FS_MPA_01603_s_53_R1_filt.fastq.gz,13082,Tabled,Both,Both,FUSION
Pv_NoS_11452_s_08_R1_filt.fastq.gz,43944,Tabled,Both,Both,FUSION
Pv_NoS_11456_s_22_R1_filt.fastq.gz,38914,Tabled,Both,Both,FUSION
Pv_NoS_Notag_s_09_R1_filt.fastq.gz,45486,Tabled,Both,Both,FUSION
Pv_NwK_ST5-38_s_29_R1_filt.fastq.gz,28521,Tabled,Both,Both,FUSION
Pv_NwK_ST5-39_s_30_R1_filt.fastq.gz,42514,Tabled,Both,Both,FUSION
Pv_RB_11218_s_13_R1_filt.fastq.gz,106359,Tabled,Both,Both,FUSION
Pv_RB_11221_s_23_R1_filt.fastq.gz,79166,Tabled,Both,Both,FUSION
Pv_RB_1418_s_15_R1_filt.fastq.gz,47843,Tabled,Both,Both,FUSION
Pv_RB_1420_s_16_R1_filt.fastq.gz,35787,Tabled,Both,Both,FUSION
Pv_RB_MPA_11417_s_20_R1_filt.fastq.gz,30175,Tabled,Both,Both,FUSION
Pv_RB_MPA_11419_s_21_R1_filt.fastq.gz,68526,Tabled,Both,Both,FUSION
Pv_RB_MPA_1865_s_24_R1_filt.fastq.gz,18238,Tabled,Both,Both,FUSION
Pv_RB_MPA_1866_s_14_R1_filt.fastq.gz,22660,Tabled,Both,Both,FUSION
Pv_SMK_ROV25-12_s_33_R1_filt.fastq.gz,17449,Tabled,Both,Both,FUSION
Pv_SMK_ROV25-13_s_35_R1_filt.fastq.gz,15169,Tabled,Both,Both,FUSION
Pv_SMK_ROV25-14_s_36_R1_filt.fastq.gz,38997,Tabled,Both,Both,FUSION
Pv_SRT_046-26_s_11_R1_filt.fastq.gz,28956,Tabled,Both,Both,FUSION
Pv_SRT_046-49_s_12_R1_filt.fastq.gz,53265,Tabled,Both,Both,FUSION
Pv_SSNd_H044-01642_s_45_R1_filt.fastq.gz,47792,Tabled,Both,Both,FUSION
Pv_SSNd_H044-01643_s_46_R1_filt.fastq.gz,24214,Tabled,Both,Both,FUSION
Pv_SSNd_H044-01645_s_47_R1_filt.fastq.gz,19052,Tabled,Both,Both,FUSION
Pv_Sw_11_s_05_R1_filt.fastq.gz,22298,Tabled,Both,Both,FUSION
Pv_Sw_9_s_04_R1_filt.fastq.gz,27946,Tabled,Both,Both,FUSION
Gb_BS_imp_15O4_s_31_F1_filt.fastq.gz,26789,Tabled,Both,Both,FUSION
Gb_BS_imp_18R6_s_38_F1_filt.fastq.gz,57746,Tabled,Both,Both,FUSION
Gb_BS_imp_23W4_s_37_F1_filt.fastq.gz,42849,Tabled,Both,Both,FUSION
Gb_BS_imp_9I4_s_39_F1_filt.fastq.gz,29959,Tabled,Both,Both,FUSION
Gb_BS_unimp_14N5_s_41_F1_filt.fastq.gz,78104,Tabled,Both,Both,FUSION
Gb_BS_unimp_3C6_s_43_F1_filt.fastq.gz,39447,Tabled,Both,Both,FUSION
Gb_BS_unimp_4D2_s_40_F1_filt.fastq.gz,31727,Tabled,Both,Both,FUSION
Gb_BS_unimp_6F4_s_42_F1_filt.fastq.gz,44906,Tabled,Both,Both,FUSION
Gb_Can_M_Trip8-75.1_d_69_F1_filt.fastq.gz,101912,Tabled,Both,Both,FUSION
Gb_Can_M_Trip8-75.2_d_70_F1_filt.fastq.gz,80926,Tabled,Both,Both,FUSION
Gb_Can_M_Trip8-75.3_d_71_F1_filt.fastq.gz,59312,Tabled,Both,Both,FUSION
Gb_Can_S_15O6_d_75_F1_filt.fastq.gz,31905,Tabled,Both,Both,FUSION
Gb_Can_S_16P6_s_55_F1_filt.fastq.gz,164063,Tabled,Both,Both,FUSION
Gb_Can_S_17Q3_d_77_F1_filt.fastq.gz,80699,Tabled,Both,Both,FUSION
Gb_Can_S_23W6_d_78_F1_filt.fastq.gz,27505,Tabled,Both,Both,FUSION
Gb_Can_S_2B6_d_76_F1_filt.fastq.gz,69912,Tabled,Both,Both,FUSION
Gb_Can_S_5E2_s_44_F1_filt.fastq.gz,73776,Tabled,Both,Both,FUSION
Gb_Can_S_8H6_s_54_F1_filt.fastq.gz,51720,Tabled,Both,Both,FUSION
Gb_FS_MPA_14N4_s_50_F1_filt.fastq.gz,50813,Tabled,Both,Both,FUSION
Gb_FS_MPA_20T6_s_49_F1_filt.fastq.gz,44072,Tabled,Both,Both,FUSION
Gb_FS_MPA_22V2_s_51_F1_filt.fastq.gz,61408,Tabled,Both,Both,FUSION
Gb_NOR_17Q2_s_01_F1_filt.fastq.gz,82544,Tabled,Both,Both,FUSION
Gb_NOR_18R2_s_02_F1_filt.fastq.gz,46109,Tabled,Both,Both,FUSION
Gb_NOR_1A7_s_03_F1_filt.fastq.gz,35681,Tabled,Both,Both,FUSION
Gb_NwK_12L5_s_27_F1_filt.fastq.gz,35155,Tabled,Both,Both,FUSION
Gb_NwK_21U5_s_28_F1_filt.fastq.gz,49364,Tabled,Both,Both,FUSION
Gb_OK_289_d_02_F1_filt.fastq.gz,47546,Tabled,Both,Both,FUSION
Gb_RSB_MPA_13M4_d_74_F1_filt.fastq.gz,27321,Tabled,Both,Both,FUSION
Gb_RSB_MPA_13M5_d_72_F1_filt.fastq.gz,40565,Tabled,Both,Both,FUSION
Gb_RSB_MPA_18R4_d_73_F1_filt.fastq.gz,49073,Tabled,Both,Both,FUSION
Gb_SRT_1A5_s_23_F1_filt.fastq.gz,77389,Tabled,Both,Both,FUSION
Gb_SRT_8H5_s_22_F1_filt.fastq.gz,69699,Tabled,Both,Both,FUSION
Gb_Sva_20T5_s_25_F1_filt.fastq.gz,44979,Tabled,Both,Both,FUSION
Gb_Sva_7G6_s_26_F1_filt.fastq.gz,35632,Tabled,Both,Both,FUSION
Gb_Sw_15O5_s_21_F1_filt.fastq.gz,99360,Tabled,Both,Both,FUSION
Gb_Sw_22V6_s_06_F1_filt.fastq.gz,68912,Tabled,Both,Both,FUSION
Gh_Can_M_Trip8-75.5_d_66_F1_filt.fastq.gz,77874,Tabled,Both,Both,FUSION
Gh_Can_M_Trip8-75.7_d_67_F1_filt.fastq.gz,86021,Tabled,Both,Both,FUSION
Gh_Can_M_Trip8-75.8_d_68_F1_filt.fastq.gz,66265,Tabled,Both,Both,FUSION
Gh_Ice_A11-641-B_s_25_F1_filt.fastq.gz,145033,Tabled,Both,Both,FUSION
Gh_Ice_ME85-3-1123-2-C_d_59_F1_filt.fastq.gz,89405,Tabled,Both,Both,FUSION
Gh_Ice_ME85-3-1123-B_d_60_F1_filt.fastq.gz,125483,Tabled,Both,Both,FUSION
Gh_Ice_ME85-3-1132-A_s_32_F1_filt.fastq.gz,131291,Tabled,Both,Both,FUSION
Gh_JMR-SM_AGT03-26_d_93_F1_filt.fastq.gz,83514,Tabled,Both,Both,FUSION
Gh_JMR_DR01-A_d_87_F1_filt.fastq.gz,62879,Tabled,Both,Both,FUSION
Gh_JMR_DR01-B_d_88_F1_filt.fastq.gz,72399,Tabled,Both,Both,FUSION
Gh_JMR_DR01-C_d_89_F1_filt.fastq.gz,63292,Tabled,Both,Both,FUSION
Gh_JMR_DR05-1-A_s_85_F1_filt.fastq.gz,70788,Tabled,Both,Both,FUSION
Gh_JMR_DR05-1-B_s_86_F1_filt.fastq.gz,67272,Tabled,Both,Both,FUSION
Gh_KS_193.1_d_79_F1_filt.fastq.gz,41107,Tabled,Both,Both,FUSION
Gh_KS_193.2_d_81_F1_filt.fastq.gz,114958,Tabled,Both,Both,FUSION
Gh_KS_197.1_s_57_F1_filt.fastq.gz,86903,Tabled,Both,Both,FUSION
Gh_KS_200.5_s_58_F1_filt.fastq.gz,62223,Tabled,Both,Both,FUSION
Gh_OK_293_d_01_F1_filt.fastq.gz,113666,Tabled,Both,Both,FUSION
Gh_SM_AGT07-22.10_s_28_F1_filt.fastq.gz,89966,Tabled,Both,Both,FUSION
Gh_SM_AGT07-22.2_s_56_F1_filt.fastq.gz,83909,Tabled,Both,Both,FUSION
Gh_SM_AGT07-22.3_s_27_F1_filt.fastq.gz,53607,Tabled,Both,Both,FUSION
Gh_SM_ROV12-11.2_d_29_F1_filt.fastq.gz,34315,Tabled,Both,Both,FUSION
Gh_SM_ROV19-11_d_30_F1_filt.fastq.gz,70693,Tabled,Both,Both,FUSION
Gh_Sva_100_d_82_F1_filt.fastq.gz,83073,Tabled,Both,Both,FUSION
Gh_Sva_101_d_84_F1_filt.fastq.gz,118257,Tabled,Both,Both,FUSION
Gh_Sva_62_s_31_F1_filt.fastq.gz,31239,Tabled,Both,Both,FUSION
Gh_Vst_011TVG-004B_d_92_F1_filt.fastq.gz,53404,Tabled,Both,Both,FUSION
Gh_Vst_019TVG-003B_d_90_F1_filt.fastq.gz,109246,Tabled,Both,Both,FUSION
Gh_Vst_019TVG-010B_d_91_F1_filt.fastq.gz,54751,Tabled,Both,Both,FUSION
Gh_Vst_045TVG-005B_i_61_F1_filt.fastq.gz,117397,Tabled,Both,Both,FUSION
Gh_Vst_045TVG-011B_i_62_F1_filt.fastq.gz,140849,Tabled,Both,Both,FUSION
Gh_Vst_045TVG-012B_i_64_F1_filt.fastq.gz,96712,Tabled,Both,Both,FUSION
Gh_Vst_080TVG-009B_s_17_F1_filt.fastq.gz,83456,Tabled,Both,Both,FUSION
Gh_Vst_080TVG-010B_s_18_F1_filt.fastq.gz,182820,Tabled,Both,Both,FUSION
Gh_Vst_080TVG-013B_s_19_F1_filt.fastq.gz,135971,Tabled,Both,Both,FUSION
Pv_FS_MPA_01601_s_52_F1_filt.fastq.gz,28846,Tabled,Both,Both,FUSION
Pv_FS_MPA_01602_s_26_F1_filt.fastq.gz,55469,Tabled,Both,Both,FUSION
Pv_FS_MPA_01603_s_53_F1_filt.fastq.gz,20042,Tabled,Both,Both,FUSION
Pv_NoS_11452_s_08_F1_filt.fastq.gz,59709,Tabled,Both,Both,FUSION
Pv_NoS_11456_s_22_F1_filt.fastq.gz,63483,Tabled,Both,Both,FUSION
Pv_NoS_Notag_s_09_F1_filt.fastq.gz,65180,Tabled,Both,Both,FUSION
Pv_NwK_ST5-38_s_29_F1_filt.fastq.gz,50614,Tabled,Both,Both,FUSION
Pv_NwK_ST5-39_s_30_F1_filt.fastq.gz,73154,Tabled,Both,Both,FUSION
Pv_RB_11218_s_13_F1_filt.fastq.gz,134981,Tabled,Both,Both,FUSION
Pv_RB_11221_s_23_F1_filt.fastq.gz,127033,Tabled,Both,Both,FUSION
Pv_RB_1418_s_15_F1_filt.fastq.gz,48032,Tabled,Both,Both,FUSION
Pv_RB_1420_s_16_F1_filt.fastq.gz,57877,Tabled,Both,Both,FUSION
Pv_RB_MPA_11417_s_20_F1_filt.fastq.gz,39441,Tabled,Both,Both,FUSION
Pv_RB_MPA_11419_s_21_F1_filt.fastq.gz,95701,Tabled,Both,Both,FUSION
Pv_RB_MPA_1865_s_24_F1_filt.fastq.gz,29326,Tabled,Both,Both,FUSION
Pv_RB_MPA_1866_s_14_F1_filt.fastq.gz,36878,Tabled,Both,Both,FUSION
Pv_SMK_ROV25-12_s_33_F1_filt.fastq.gz,33663,Tabled,Both,Both,FUSION
Pv_SMK_ROV25-13_s_35_F1_filt.fastq.gz,21351,Tabled,Both,Both,FUSION
Pv_SMK_ROV25-14_s_36_F1_filt.fastq.gz,59938,Tabled,Both,Both,FUSION
Pv_SRT_046-26_s_11_F1_filt.fastq.gz,38436,Tabled,Both,Both,FUSION
Pv_SRT_046-49_s_12_F1_filt.fastq.gz,81915,Tabled,Both,Both,FUSION
Pv_SSNd_H044-01642_s_45_F1_filt.fastq.gz,60628,Tabled,Both,Both,FUSION
Pv_SSNd_H044-01643_s_46_F1_filt.fastq.gz,31725,Tabled,Both,Both,FUSION
Pv_SSNd_H044-01645_s_47_F1_filt.fastq.gz,26513,Tabled,Both,Both,FUSION
Pv_Sw_11_s_05_F1_filt.fastq.gz,40247,Tabled,Both,Both,FUSION
Pv_Sw_9_s_04_F1_filt.fastq.gz,28457,Tabled,Both,Both,FUSION
Gb_BS_imp_15O4_s_31_R1_filt.fastq.gz,17207,Tabled.rev,Rev,Both,Tabled
Gb_BS_imp_18R6_s_38_R1_filt.fastq.gz,37053,Tabled.rev,Rev,Both,Tabled
Gb_BS_imp_23W4_s_37_R1_filt.fastq.gz,28453,Tabled.rev,Rev,Both,Tabled
Gb_BS_imp_9I4_s_39_R1_filt.fastq.gz,21578,Tabled.rev,Rev,Both,Tabled
Gb_BS_unimp_14N5_s_41_R1_filt.fastq.gz,52783,Tabled.rev,Rev,Both,Tabled
Gb_BS_unimp_3C6_s_43_R1_filt.fastq.gz,24373,Tabled.rev,Rev,Both,Tabled
Gb_BS_unimp_4D2_s_40_R1_filt.fastq.gz,22554,Tabled.rev,Rev,Both,Tabled
Gb_BS_unimp_6F4_s_42_R1_filt.fastq.gz,33477,Tabled.rev,Rev,Both,Tabled
Gb_Can_M_Trip8-75.1_d_69_R1_filt.fastq.gz,53043,Tabled.rev,Rev,Both,Tabled
Gb_Can_M_Trip8-75.2_d_70_R1_filt.fastq.gz,47496,Tabled.rev,Rev,Both,Tabled
Gb_Can_M_Trip8-75.3_d_71_R1_filt.fastq.gz,32555,Tabled.rev,Rev,Both,Tabled
Gb_Can_S_15O6_d_75_R1_filt.fastq.gz,21629,Tabled.rev,Rev,Both,Tabled
Gb_Can_S_16P6_s_55_R1_filt.fastq.gz,117717,Tabled.rev,Rev,Both,Tabled
Gb_Can_S_17Q3_d_77_R1_filt.fastq.gz,48861,Tabled.rev,Rev,Both,Tabled
Gb_Can_S_23W6_d_78_R1_filt.fastq.gz,18173,Tabled.rev,Rev,Both,Tabled
Gb_Can_S_2B6_d_76_R1_filt.fastq.gz,31889,Tabled.rev,Rev,Both,Tabled
Gb_Can_S_5E2_s_44_R1_filt.fastq.gz,54791,Tabled.rev,Rev,Both,Tabled
Gb_Can_S_8H6_s_54_R1_filt.fastq.gz,39836,Tabled.rev,Rev,Both,Tabled
Gb_FS_MPA_14N4_s_50_R1_filt.fastq.gz,25288,Tabled.rev,Rev,Both,Tabled
Gb_FS_MPA_20T6_s_49_R1_filt.fastq.gz,30715,Tabled.rev,Rev,Both,Tabled
Gb_FS_MPA_22V2_s_51_R1_filt.fastq.gz,40083,Tabled.rev,Rev,Both,Tabled
Gb_NOR_17Q2_s_01_R1_filt.fastq.gz,50819,Tabled.rev,Rev,Both,Tabled
Gb_NOR_18R2_s_02_R1_filt.fastq.gz,35691,Tabled.rev,Rev,Both,Tabled
Gb_NOR_1A7_s_03_R1_filt.fastq.gz,28512,Tabled.rev,Rev,Both,Tabled
Gb_NwK_12L5_s_27_R1_filt.fastq.gz,25691,Tabled.rev,Rev,Both,Tabled
Gb_NwK_21U5_s_28_R1_filt.fastq.gz,29235,Tabled.rev,Rev,Both,Tabled
Gb_OK_289_d_02_R1_filt.fastq.gz,32928,Tabled.rev,Rev,Both,Tabled
Gb_RSB_MPA_13M4_d_74_R1_filt.fastq.gz,17831,Tabled.rev,Rev,Both,Tabled
Gb_RSB_MPA_13M5_d_72_R1_filt.fastq.gz,24371,Tabled.rev,Rev,Both,Tabled
Gb_RSB_MPA_18R4_d_73_R1_filt.fastq.gz,27178,Tabled.rev,Rev,Both,Tabled
Gb_SRT_1A5_s_23_R1_filt.fastq.gz,52204,Tabled.rev,Rev,Both,Tabled
Gb_SRT_8H5_s_22_R1_filt.fastq.gz,44453,Tabled.rev,Rev,Both,Tabled
Gb_Sva_20T5_s_25_R1_filt.fastq.gz,24125,Tabled.rev,Rev,Both,Tabled
Gb_Sva_7G6_s_26_R1_filt.fastq.gz,22613,Tabled.rev,Rev,Both,Tabled
Gb_Sw_15O5_s_21_R1_filt.fastq.gz,56580,Tabled.rev,Rev,Both,Tabled
Gb_Sw_22V6_s_06_R1_filt.fastq.gz,48098,Tabled.rev,Rev,Both,Tabled
Gh_Can_M_Trip8-75.5_d_66_R1_filt.fastq.gz,41648,Tabled.rev,Rev,Both,Tabled
Gh_Can_M_Trip8-75.7_d_67_R1_filt.fastq.gz,51509,Tabled.rev,Rev,Both,Tabled
Gh_Can_M_Trip8-75.8_d_68_R1_filt.fastq.gz,39933,Tabled.rev,Rev,Both,Tabled
Gh_Ice_A11-641-B_s_25_R1_filt.fastq.gz,71099,Tabled.rev,Rev,Both,Tabled
Gh_Ice_ME85-3-1123-2-C_d_59_R1_filt.fastq.gz,51814,Tabled.rev,Rev,Both,Tabled
Gh_Ice_ME85-3-1123-B_d_60_R1_filt.fastq.gz,71776,Tabled.rev,Rev,Both,Tabled
Gh_Ice_ME85-3-1132-A_s_32_R1_filt.fastq.gz,104791,Tabled.rev,Rev,Both,Tabled
Gh_JMR-SM_AGT03-26_d_93_R1_filt.fastq.gz,43505,Tabled.rev,Rev,Both,Tabled
Gh_JMR_DR01-A_d_87_R1_filt.fastq.gz,35083,Tabled.rev,Rev,Both,Tabled
Gh_JMR_DR01-B_d_88_R1_filt.fastq.gz,42928,Tabled.rev,Rev,Both,Tabled
Gh_JMR_DR01-C_d_89_R1_filt.fastq.gz,36457,Tabled.rev,Rev,Both,Tabled
Gh_JMR_DR05-1-A_s_85_R1_filt.fastq.gz,39423,Tabled.rev,Rev,Both,Tabled
Gh_JMR_DR05-1-B_s_86_R1_filt.fastq.gz,42889,Tabled.rev,Rev,Both,Tabled
Gh_KS_193.1_d_79_R1_filt.fastq.gz,27196,Tabled.rev,Rev,Both,Tabled
Gh_KS_193.2_d_81_R1_filt.fastq.gz,74888,Tabled.rev,Rev,Both,Tabled
Gh_KS_197.1_s_57_R1_filt.fastq.gz,46857,Tabled.rev,Rev,Both,Tabled
Gh_KS_200.5_s_58_R1_filt.fastq.gz,49385,Tabled.rev,Rev,Both,Tabled
Gh_OK_293_d_01_R1_filt.fastq.gz,62092,Tabled.rev,Rev,Both,Tabled
Gh_SM_AGT07-22.10_s_28_R1_filt.fastq.gz,47636,Tabled.rev,Rev,Both,Tabled
Gh_SM_AGT07-22.2_s_56_R1_filt.fastq.gz,53586,Tabled.rev,Rev,Both,Tabled
Gh_SM_AGT07-22.3_s_27_R1_filt.fastq.gz,36617,Tabled.rev,Rev,Both,Tabled
Gh_SM_ROV12-11.2_d_29_R1_filt.fastq.gz,18611,Tabled.rev,Rev,Both,Tabled
Gh_SM_ROV19-11_d_30_R1_filt.fastq.gz,34952,Tabled.rev,Rev,Both,Tabled
Gh_Sva_100_d_82_R1_filt.fastq.gz,56492,Tabled.rev,Rev,Both,Tabled
Gh_Sva_101_d_84_R1_filt.fastq.gz,69976,Tabled.rev,Rev,Both,Tabled
Gh_Sva_62_s_31_R1_filt.fastq.gz,22272,Tabled.rev,Rev,Both,Tabled
Gh_Vst_011TVG-004B_d_92_R1_filt.fastq.gz,29471,Tabled.rev,Rev,Both,Tabled
Gh_Vst_019TVG-003B_d_90_R1_filt.fastq.gz,64769,Tabled.rev,Rev,Both,Tabled
Gh_Vst_019TVG-010B_d_91_R1_filt.fastq.gz,27796,Tabled.rev,Rev,Both,Tabled
Gh_Vst_045TVG-005B_i_61_R1_filt.fastq.gz,82606,Tabled.rev,Rev,Both,Tabled
Gh_Vst_045TVG-011B_i_62_R1_filt.fastq.gz,90845,Tabled.rev,Rev,Both,Tabled
Gh_Vst_045TVG-012B_i_64_R1_filt.fastq.gz,60429,Tabled.rev,Rev,Both,Tabled
Gh_Vst_080TVG-009B_s_17_R1_filt.fastq.gz,63139,Tabled.rev,Rev,Both,Tabled
Gh_Vst_080TVG-010B_s_18_R1_filt.fastq.gz,121927,Tabled.rev,Rev,Both,Tabled
Gh_Vst_080TVG-013B_s_19_R1_filt.fastq.gz,95354,Tabled.rev,Rev,Both,Tabled
Pv_FS_MPA_01601_s_52_R1_filt.fastq.gz,19192,Tabled.rev,Rev,Both,Tabled
Pv_FS_MPA_01602_s_26_R1_filt.fastq.gz,29070,Tabled.rev,Rev,Both,Tabled
Pv_FS_MPA_01603_s_53_R1_filt.fastq.gz,13082,Tabled.rev,Rev,Both,Tabled
Pv_NoS_11452_s_08_R1_filt.fastq.gz,43944,Tabled.rev,Rev,Both,Tabled
Pv_NoS_11456_s_22_R1_filt.fastq.gz,38914,Tabled.rev,Rev,Both,Tabled
Pv_NoS_Notag_s_09_R1_filt.fastq.gz,45486,Tabled.rev,Rev,Both,Tabled
Pv_NwK_ST5-38_s_29_R1_filt.fastq.gz,28521,Tabled.rev,Rev,Both,Tabled
Pv_NwK_ST5-39_s_30_R1_filt.fastq.gz,42514,Tabled.rev,Rev,Both,Tabled
Pv_RB_11218_s_13_R1_filt.fastq.gz,106359,Tabled.rev,Rev,Both,Tabled
Pv_RB_11221_s_23_R1_filt.fastq.gz,79166,Tabled.rev,Rev,Both,Tabled
Pv_RB_1418_s_15_R1_filt.fastq.gz,47843,Tabled.rev,Rev,Both,Tabled
Pv_RB_1420_s_16_R1_filt.fastq.gz,35787,Tabled.rev,Rev,Both,Tabled
Pv_RB_MPA_11417_s_20_R1_filt.fastq.gz,30175,Tabled.rev,Rev,Both,Tabled
Pv_RB_MPA_11419_s_21_R1_filt.fastq.gz,68526,Tabled.rev,Rev,Both,Tabled
Pv_RB_MPA_1865_s_24_R1_filt.fastq.gz,18238,Tabled.rev,Rev,Both,Tabled
Pv_RB_MPA_1866_s_14_R1_filt.fastq.gz,22660,Tabled.rev,Rev,Both,Tabled
Pv_SMK_ROV25-12_s_33_R1_filt.fastq.gz,17449,Tabled.rev,Rev,Both,Tabled
Pv_SMK_ROV25-13_s_35_R1_filt.fastq.gz,15169,Tabled.rev,Rev,Both,Tabled
Pv_SMK_ROV25-14_s_36_R1_filt.fastq.gz,38997,Tabled.rev,Rev,Both,Tabled
Pv_SRT_046-26_s_11_R1_filt.fastq.gz,28956,Tabled.rev,Rev,Both,Tabled
Pv_SRT_046-49_s_12_R1_filt.fastq.gz,53265,Tabled.rev,Rev,Both,Tabled
Pv_SSNd_H044-01642_s_45_R1_filt.fastq.gz,47792,Tabled.rev,Rev,Both,Tabled
Pv_SSNd_H044-01643_s_46_R1_filt.fastq.gz,24214,Tabled.rev,Rev,Both,Tabled
Pv_SSNd_H044-01645_s_47_R1_filt.fastq.gz,19052,Tabled.rev,Rev,Both,Tabled
Pv_Sw_11_s_05_R1_filt.fastq.gz,22298,Tabled.rev,Rev,Both,Tabled
Pv_Sw_9_s_04_R1_filt.fastq.gz,27946,Tabled.rev,Rev,Both,Tabled
Gb_BS_imp_15O4_s_31_F1_filt.fastq.gz,26789,Tabled.fwd,Fwd,Both,Tabled
Gb_BS_imp_18R6_s_38_F1_filt.fastq.gz,57746,Tabled.fwd,Fwd,Both,Tabled
Gb_BS_imp_23W4_s_37_F1_filt.fastq.gz,42849,Tabled.fwd,Fwd,Both,Tabled
Gb_BS_imp_9I4_s_39_F1_filt.fastq.gz,29959,Tabled.fwd,Fwd,Both,Tabled
Gb_BS_unimp_14N5_s_41_F1_filt.fastq.gz,78104,Tabled.fwd,Fwd,Both,Tabled
Gb_BS_unimp_3C6_s_43_F1_filt.fastq.gz,39447,Tabled.fwd,Fwd,Both,Tabled
Gb_BS_unimp_4D2_s_40_F1_filt.fastq.gz,31727,Tabled.fwd,Fwd,Both,Tabled
Gb_BS_unimp_6F4_s_42_F1_filt.fastq.gz,44906,Tabled.fwd,Fwd,Both,Tabled
Gb_Can_M_Trip8-75.1_d_69_F1_filt.fastq.gz,101912,Tabled.fwd,Fwd,Both,Tabled
Gb_Can_M_Trip8-75.2_d_70_F1_filt.fastq.gz,80926,Tabled.fwd,Fwd,Both,Tabled
Gb_Can_M_Trip8-75.3_d_71_F1_filt.fastq.gz,59312,Tabled.fwd,Fwd,Both,Tabled
Gb_Can_S_15O6_d_75_F1_filt.fastq.gz,31905,Tabled.fwd,Fwd,Both,Tabled
Gb_Can_S_16P6_s_55_F1_filt.fastq.gz,164063,Tabled.fwd,Fwd,Both,Tabled
Gb_Can_S_17Q3_d_77_F1_filt.fastq.gz,80699,Tabled.fwd,Fwd,Both,Tabled
Gb_Can_S_23W6_d_78_F1_filt.fastq.gz,27505,Tabled.fwd,Fwd,Both,Tabled
Gb_Can_S_2B6_d_76_F1_filt.fastq.gz,69912,Tabled.fwd,Fwd,Both,Tabled
Gb_Can_S_5E2_s_44_F1_filt.fastq.gz,73776,Tabled.fwd,Fwd,Both,Tabled
Gb_Can_S_8H6_s_54_F1_filt.fastq.gz,51720,Tabled.fwd,Fwd,Both,Tabled
Gb_FS_MPA_14N4_s_50_F1_filt.fastq.gz,50813,Tabled.fwd,Fwd,Both,Tabled
Gb_FS_MPA_20T6_s_49_F1_filt.fastq.gz,44072,Tabled.fwd,Fwd,Both,Tabled
Gb_FS_MPA_22V2_s_51_F1_filt.fastq.gz,61408,Tabled.fwd,Fwd,Both,Tabled
Gb_NOR_17Q2_s_01_F1_filt.fastq.gz,82544,Tabled.fwd,Fwd,Both,Tabled
Gb_NOR_18R2_s_02_F1_filt.fastq.gz,46109,Tabled.fwd,Fwd,Both,Tabled
Gb_NOR_1A7_s_03_F1_filt.fastq.gz,35681,Tabled.fwd,Fwd,Both,Tabled
Gb_NwK_12L5_s_27_F1_filt.fastq.gz,35155,Tabled.fwd,Fwd,Both,Tabled
Gb_NwK_21U5_s_28_F1_filt.fastq.gz,49364,Tabled.fwd,Fwd,Both,Tabled
Gb_OK_289_d_02_F1_filt.fastq.gz,47546,Tabled.fwd,Fwd,Both,Tabled
Gb_RSB_MPA_13M4_d_74_F1_filt.fastq.gz,27321,Tabled.fwd,Fwd,Both,Tabled
Gb_RSB_MPA_13M5_d_72_F1_filt.fastq.gz,40565,Tabled.fwd,Fwd,Both,Tabled
Gb_RSB_MPA_18R4_d_73_F1_filt.fastq.gz,49073,Tabled.fwd,Fwd,Both,Tabled
Gb_SRT_1A5_s_23_F1_filt.fastq.gz,77389,Tabled.fwd,Fwd,Both,Tabled
Gb_SRT_8H5_s_22_F1_filt.fastq.gz,69699,Tabled.fwd,Fwd,Both,Tabled
Gb_Sva_20T5_s_25_F1_filt.fastq.gz,44979,Tabled.fwd,Fwd,Both,Tabled
Gb_Sva_7G6_s_26_F1_filt.fastq.gz,35632,Tabled.fwd,Fwd,Both,Tabled
Gb_Sw_15O5_s_21_F1_filt.fastq.gz,99360,Tabled.fwd,Fwd,Both,Tabled
Gb_Sw_22V6_s_06_F1_filt.fastq.gz,68912,Tabled.fwd,Fwd,Both,Tabled
Gh_Can_M_Trip8-75.5_d_66_F1_filt.fastq.gz,77874,Tabled.fwd,Fwd,Both,Tabled
Gh_Can_M_Trip8-75.7_d_67_F1_filt.fastq.gz,86021,Tabled.fwd,Fwd,Both,Tabled
Gh_Can_M_Trip8-75.8_d_68_F1_filt.fastq.gz,66265,Tabled.fwd,Fwd,Both,Tabled
Gh_Ice_A11-641-B_s_25_F1_filt.fastq.gz,145033,Tabled.fwd,Fwd,Both,Tabled
Gh_Ice_ME85-3-1123-2-C_d_59_F1_filt.fastq.gz,89405,Tabled.fwd,Fwd,Both,Tabled
Gh_Ice_ME85-3-1123-B_d_60_F1_filt.fastq.gz,125483,Tabled.fwd,Fwd,Both,Tabled
Gh_Ice_ME85-3-1132-A_s_32_F1_filt.fastq.gz,131291,Tabled.fwd,Fwd,Both,Tabled
Gh_JMR-SM_AGT03-26_d_93_F1_filt.fastq.gz,83514,Tabled.fwd,Fwd,Both,Tabled
Gh_JMR_DR01-A_d_87_F1_filt.fastq.gz,62879,Tabled.fwd,Fwd,Both,Tabled
Gh_JMR_DR01-B_d_88_F1_filt.fastq.gz,72399,Tabled.fwd,Fwd,Both,Tabled
Gh_JMR_DR01-C_d_89_F1_filt.fastq.gz,63292,Tabled.fwd,Fwd,Both,Tabled
Gh_JMR_DR05-1-A_s_85_F1_filt.fastq.gz,70788,Tabled.fwd,Fwd,Both,Tabled
Gh_JMR_DR05-1-B_s_86_F1_filt.fastq.gz,67272,Tabled.fwd,Fwd,Both,Tabled
Gh_KS_193.1_d_79_F1_filt.fastq.gz,41107,Tabled.fwd,Fwd,Both,Tabled
Gh_KS_193.2_d_81_F1_filt.fastq.gz,114958,Tabled.fwd,Fwd,Both,Tabled
Gh_KS_197.1_s_57_F1_filt.fastq.gz,86903,Tabled.fwd,Fwd,Both,Tabled
Gh_KS_200.5_s_58_F1_filt.fastq.gz,62223,Tabled.fwd,Fwd,Both,Tabled
Gh_OK_293_d_01_F1_filt.fastq.gz,113666,Tabled.fwd,Fwd,Both,Tabled
Gh_SM_AGT07-22.10_s_28_F1_filt.fastq.gz,89966,Tabled.fwd,Fwd,Both,Tabled
Gh_SM_AGT07-22.2_s_56_F1_filt.fastq.gz,83909,Tabled.fwd,Fwd,Both,Tabled
Gh_SM_AGT07-22.3_s_27_F1_filt.fastq.gz,53607,Tabled.fwd,Fwd,Both,Tabled
Gh_SM_ROV12-11.2_d_29_F1_filt.fastq.gz,34315,Tabled.fwd,Fwd,Both,Tabled
Gh_SM_ROV19-11_d_30_F1_filt.fastq.gz,70693,Tabled.fwd,Fwd,Both,Tabled
Gh_Sva_100_d_82_F1_filt.fastq.gz,83073,Tabled.fwd,Fwd,Both,Tabled
Gh_Sva_101_d_84_F1_filt.fastq.gz,118257,Tabled.fwd,Fwd,Both,Tabled
Gh_Sva_62_s_31_F1_filt.fastq.gz,31239,Tabled.fwd,Fwd,Both,Tabled
Gh_Vst_011TVG-004B_d_92_F1_filt.fastq.gz,53404,Tabled.fwd,Fwd,Both,Tabled
Gh_Vst_019TVG-003B_d_90_F1_filt.fastq.gz,109246,Tabled.fwd,Fwd,Both,Tabled
Gh_Vst_019TVG-010B_d_91_F1_filt.fastq.gz,54751,Tabled.fwd,Fwd,Both,Tabled
Gh_Vst_045TVG-005B_i_61_F1_filt.fastq.gz,117397,Tabled.fwd,Fwd,Both,Tabled
Gh_Vst_045TVG-011B_i_62_F1_filt.fastq.gz,140849,Tabled.fwd,Fwd,Both,Tabled
Gh_Vst_045TVG-012B_i_64_F1_filt.fastq.gz,96712,Tabled.fwd,Fwd,Both,Tabled
Gh_Vst_080TVG-009B_s_17_F1_filt.fastq.gz,83456,Tabled.fwd,Fwd,Both,Tabled
Gh_Vst_080TVG-010B_s_18_F1_filt.fastq.gz,182820,Tabled.fwd,Fwd,Both,Tabled
Gh_Vst_080TVG-013B_s_19_F1_filt.fastq.gz,135971,Tabled.fwd,Fwd,Both,Tabled
Pv_FS_MPA_01601_s_52_F1_filt.fastq.gz,28846,Tabled.fwd,Fwd,Both,Tabled
Pv_FS_MPA_01602_s_26_F1_filt.fastq.gz,55469,Tabled.fwd,Fwd,Both,Tabled
Pv_FS_MPA_01603_s_53_F1_filt.fastq.gz,20042,Tabled.fwd,Fwd,Both,Tabled
Pv_NoS_11452_s_08_F1_filt.fastq.gz,59709,Tabled.fwd,Fwd,Both,Tabled
Pv_NoS_11456_s_22_F1_filt.fastq.gz,63483,Tabled.fwd,Fwd,Both,Tabled
Pv_NoS_Notag_s_09_F1_filt.fastq.gz,65180,Tabled.fwd,Fwd,Both,Tabled
Pv_NwK_ST5-38_s_29_F1_filt.fastq.gz,50614,Tabled.fwd,Fwd,Both,Tabled
Pv_NwK_ST5-39_s_30_F1_filt.fastq.gz,73154,Tabled.fwd,Fwd,Both,Tabled
Pv_RB_11218_s_13_F1_filt.fastq.gz,134981,Tabled.fwd,Fwd,Both,Tabled
Pv_RB_11221_s_23_F1_filt.fastq.gz,127033,Tabled.fwd,Fwd,Both,Tabled
Pv_RB_1418_s_15_F1_filt.fastq.gz,48032,Tabled.fwd,Fwd,Both,Tabled
Pv_RB_1420_s_16_F1_filt.fastq.gz,57877,Tabled.fwd,Fwd,Both,Tabled
Pv_RB_MPA_11417_s_20_F1_filt.fastq.gz,39441,Tabled.fwd,Fwd,Both,Tabled
Pv_RB_MPA_11419_s_21_F1_filt.fastq.gz,95701,Tabled.fwd,Fwd,Both,Tabled
Pv_RB_MPA_1865_s_24_F1_filt.fastq.gz,29326,Tabled.fwd,Fwd,Both,Tabled
Pv_RB_MPA_1866_s_14_F1_filt.fastq.gz,36878,Tabled.fwd,Fwd,Both,Tabled
Pv_SMK_ROV25-12_s_33_F1_filt.fastq.gz,33663,Tabled.fwd,Fwd,Both,Tabled
Pv_SMK_ROV25-13_s_35_F1_filt.fastq.gz,21351,Tabled.fwd,Fwd,Both,Tabled
Pv_SMK_ROV25-14_s_36_F1_filt.fastq.gz,59938,Tabled.fwd,Fwd,Both,Tabled
Pv_SRT_046-26_s_11_F1_filt.fastq.gz,38436,Tabled.fwd,Fwd,Both,Tabled
Pv_SRT_046-49_s_12_F1_filt.fastq.gz,81915,Tabled.fwd,Fwd,Both,Tabled
Pv_SSNd_H044-01642_s_45_F1_filt.fastq.gz,60628,Tabled.fwd,Fwd,Both,Tabled
Pv_SSNd_H044-01643_s_46_F1_filt.fastq.gz,31725,Tabled.fwd,Fwd,Both,Tabled
Pv_SSNd_H044-01645_s_47_F1_filt.fastq.gz,26513,Tabled.fwd,Fwd,Both,Tabled
Pv_Sw_11_s_05_F1_filt.fastq.gz,40247,Tabled.fwd,Fwd,Both,Tabled
Pv_Sw_9_s_04_F1_filt.fastq.gz,28457,Tabled.fwd,Fwd,Both,Tabled
Gb_BS_imp_15O4_s_31,30472,reads.in.rev,Rev,Both,Reads.in
Gb_BS_imp_15O4_s_31,30472,filtered.rev,Rev,Both,Filtered
Gb_BS_imp_18R6_s_38,55981,reads.in.rev,Rev,Both,Reads.in
Gb_BS_imp_18R6_s_38,55981,filtered.rev,Rev,Both,Filtered
Gb_BS_imp_23W4_s_37,37766,reads.in.rev,Rev,Both,Reads.in
Gb_BS_imp_23W4_s_37,37766,filtered.rev,Rev,Both,Filtered
Gb_BS_imp_9I4_s_39,36870,reads.in.rev,Rev,Both,Reads.in
Gb_BS_imp_9I4_s_39,36870,filtered.rev,Rev,Both,Filtered
Gb_BS_unimp_14N5_s_41,73976,reads.in.rev,Rev,Both,Reads.in
Gb_BS_unimp_14N5_s_41,73976,filtered.rev,Rev,Both,Filtered
Gb_BS_unimp_3C6_s_43,47440,reads.in.rev,Rev,Both,Reads.in
Gb_BS_unimp_3C6_s_43,47440,filtered.rev,Rev,Both,Filtered
Gb_BS_unimp_4D2_s_40,32783,reads.in.rev,Rev,Both,Reads.in
Gb_BS_unimp_4D2_s_40,32783,filtered.rev,Rev,Both,Filtered
Gb_BS_unimp_6F4_s_42,47347,reads.in.rev,Rev,Both,Reads.in
Gb_BS_unimp_6F4_s_42,47347,filtered.rev,Rev,Both,Filtered
Gb_Can_M_Trip8-75.1_d_69,61993,reads.in.rev,Rev,Both,Reads.in
Gb_Can_M_Trip8-75.1_d_69,61993,filtered.rev,Rev,Both,Filtered
Gb_Can_M_Trip8-75.2_d_70,57648,reads.in.rev,Rev,Both,Reads.in
Gb_Can_M_Trip8-75.2_d_70,57648,filtered.rev,Rev,Both,Filtered
Gb_Can_M_Trip8-75.3_d_71,45938,reads.in.rev,Rev,Both,Reads.in
Gb_Can_M_Trip8-75.3_d_71,45938,filtered.rev,Rev,Both,Filtered
Gb_Can_S_15O6_d_75,26004,reads.in.rev,Rev,Both,Reads.in
Gb_Can_S_15O6_d_75,26004,filtered.rev,Rev,Both,Filtered
Gb_Can_S_16P6_s_55,138722,reads.in.rev,Rev,Both,Reads.in
Gb_Can_S_16P6_s_55,138722,filtered.rev,Rev,Both,Filtered
Gb_Can_S_17Q3_d_77,55160,reads.in.rev,Rev,Both,Reads.in
Gb_Can_S_17Q3_d_77,55160,filtered.rev,Rev,Both,Filtered
Gb_Can_S_23W6_d_78,20965,reads.in.rev,Rev,Both,Reads.in
Gb_Can_S_23W6_d_78,20965,filtered.rev,Rev,Both,Filtered
Gb_Can_S_2B6_d_76,36158,reads.in.rev,Rev,Both,Reads.in
Gb_Can_S_2B6_d_76,36158,filtered.rev,Rev,Both,Filtered
Gb_Can_S_5E2_s_44,71810,reads.in.rev,Rev,Both,Reads.in
Gb_Can_S_5E2_s_44,71810,filtered.rev,Rev,Both,Filtered
Gb_Can_S_8H6_s_54,46823,reads.in.rev,Rev,Both,Reads.in
Gb_Can_S_8H6_s_54,46823,filtered.rev,Rev,Both,Filtered
Gb_FS_MPA_14N4_s_50,34946,reads.in.rev,Rev,Both,Reads.in
Gb_FS_MPA_14N4_s_50,34946,filtered.rev,Rev,Both,Filtered
Gb_FS_MPA_20T6_s_49,46731,reads.in.rev,Rev,Both,Reads.in
Gb_FS_MPA_20T6_s_49,46731,filtered.rev,Rev,Both,Filtered
Gb_FS_MPA_22V2_s_51,59868,reads.in.rev,Rev,Both,Reads.in
Gb_FS_MPA_22V2_s_51,59868,filtered.rev,Rev,Both,Filtered
Gb_NOR_17Q2_s_01,68532,reads.in.rev,Rev,Both,Reads.in
Gb_NOR_17Q2_s_01,68532,filtered.rev,Rev,Both,Filtered
Gb_NOR_18R2_s_02,49508,reads.in.rev,Rev,Both,Reads.in
Gb_NOR_18R2_s_02,49508,filtered.rev,Rev,Both,Filtered
Gb_NOR_1A7_s_03,45619,reads.in.rev,Rev,Both,Reads.in
Gb_NOR_1A7_s_03,45619,filtered.rev,Rev,Both,Filtered
Gb_NwK_12L5_s_27,33700,reads.in.rev,Rev,Both,Reads.in
Gb_NwK_12L5_s_27,33700,filtered.rev,Rev,Both,Filtered
Gb_NwK_21U5_s_28,44156,reads.in.rev,Rev,Both,Reads.in
Gb_NwK_21U5_s_28,44156,filtered.rev,Rev,Both,Filtered
Gb_OK_289_d_02,45274,reads.in.rev,Rev,Both,Reads.in
Gb_OK_289_d_02,45274,filtered.rev,Rev,Both,Filtered
Gb_RSB_MPA_13M4_d_74,27293,reads.in.rev,Rev,Both,Reads.in
Gb_RSB_MPA_13M4_d_74,27293,filtered.rev,Rev,Both,Filtered
Gb_RSB_MPA_13M5_d_72,33361,reads.in.rev,Rev,Both,Reads.in
Gb_RSB_MPA_13M5_d_72,33361,filtered.rev,Rev,Both,Filtered
Gb_RSB_MPA_18R4_d_73,42802,reads.in.rev,Rev,Both,Reads.in
Gb_RSB_MPA_18R4_d_73,42802,filtered.rev,Rev,Both,Filtered
Gb_SRT_1A5_s_23,60978,reads.in.rev,Rev,Both,Reads.in
Gb_SRT_1A5_s_23,60978,filtered.rev,Rev,Both,Filtered
Gb_SRT_8H5_s_22,55562,reads.in.rev,Rev,Both,Reads.in
Gb_SRT_8H5_s_22,55562,filtered.rev,Rev,Both,Filtered
Gb_Sva_20T5_s_25,46463,reads.in.rev,Rev,Both,Reads.in
Gb_Sva_20T5_s_25,46463,filtered.rev,Rev,Both,Filtered
Gb_Sva_7G6_s_26,34347,reads.in.rev,Rev,Both,Reads.in
Gb_Sva_7G6_s_26,34347,filtered.rev,Rev,Both,Filtered
Gb_Sw_15O5_s_21,63715,reads.in.rev,Rev,Both,Reads.in
Gb_Sw_15O5_s_21,63715,filtered.rev,Rev,Both,Filtered
Gb_Sw_22V6_s_06,57478,reads.in.rev,Rev,Both,Reads.in
Gb_Sw_22V6_s_06,57478,filtered.rev,Rev,Both,Filtered
Gh_Can_M_Trip8-75.5_d_66,45796,reads.in.rev,Rev,Both,Reads.in
Gh_Can_M_Trip8-75.5_d_66,45796,filtered.rev,Rev,Both,Filtered
Gh_Can_M_Trip8-75.7_d_67,55755,reads.in.rev,Rev,Both,Reads.in
Gh_Can_M_Trip8-75.7_d_67,55755,filtered.rev,Rev,Both,Filtered
Gh_Can_M_Trip8-75.8_d_68,46023,reads.in.rev,Rev,Both,Reads.in
Gh_Can_M_Trip8-75.8_d_68,46023,filtered.rev,Rev,Both,Filtered
Gh_Ice_A11-641-B_s_25,76469,reads.in.rev,Rev,Both,Reads.in
Gh_Ice_A11-641-B_s_25,76469,filtered.rev,Rev,Both,Filtered
Gh_Ice_ME85-3-1123-2-C_d_59,59025,reads.in.rev,Rev,Both,Reads.in
Gh_Ice_ME85-3-1123-2-C_d_59,59025,filtered.rev,Rev,Both,Filtered
Gh_Ice_ME85-3-1123-B_d_60,78279,reads.in.rev,Rev,Both,Reads.in
Gh_Ice_ME85-3-1123-B_d_60,78279,filtered.rev,Rev,Both,Filtered
Gh_Ice_ME85-3-1132-A_s_32,124037,reads.in.rev,Rev,Both,Reads.in
Gh_Ice_ME85-3-1132-A_s_32,124037,filtered.rev,Rev,Both,Filtered
Gh_JMR-SM_AGT03-26_d_93,54425,reads.in.rev,Rev,Both,Reads.in
Gh_JMR-SM_AGT03-26_d_93,54425,filtered.rev,Rev,Both,Filtered
Gh_JMR_DR01-A_d_87,38679,reads.in.rev,Rev,Both,Reads.in
Gh_JMR_DR01-A_d_87,38679,filtered.rev,Rev,Both,Filtered
Gh_JMR_DR01-B_d_88,54423,reads.in.rev,Rev,Both,Reads.in
Gh_JMR_DR01-B_d_88,54423,filtered.rev,Rev,Both,Filtered
Gh_JMR_DR01-C_d_89,40688,reads.in.rev,Rev,Both,Reads.in
Gh_JMR_DR01-C_d_89,40688,filtered.rev,Rev,Both,Filtered
Gh_JMR_DR05-1-A_s_85,41532,reads.in.rev,Rev,Both,Reads.in
Gh_JMR_DR05-1-A_s_85,41532,filtered.rev,Rev,Both,Filtered
Gh_JMR_DR05-1-B_s_86,55687,reads.in.rev,Rev,Both,Reads.in
Gh_JMR_DR05-1-B_s_86,55687,filtered.rev,Rev,Both,Filtered
Gh_KS_193.1_d_79,34365,reads.in.rev,Rev,Both,Reads.in
Gh_KS_193.1_d_79,34365,filtered.rev,Rev,Both,Filtered
Gh_KS_193.2_d_81,86824,reads.in.rev,Rev,Both,Reads.in
Gh_KS_193.2_d_81,86824,filtered.rev,Rev,Both,Filtered
Gh_KS_197.1_s_57,59689,reads.in.rev,Rev,Both,Reads.in
Gh_KS_197.1_s_57,59689,filtered.rev,Rev,Both,Filtered
Gh_KS_200.5_s_58,60434,reads.in.rev,Rev,Both,Reads.in
Gh_KS_200.5_s_58,60434,filtered.rev,Rev,Both,Filtered
Gh_OK_293_d_01,76182,reads.in.rev,Rev,Both,Reads.in
Gh_OK_293_d_01,76182,filtered.rev,Rev,Both,Filtered
Gh_SM_AGT07-22.10_s_28,53805,reads.in.rev,Rev,Both,Reads.in
Gh_SM_AGT07-22.10_s_28,53805,filtered.rev,Rev,Both,Filtered
Gh_SM_AGT07-22.2_s_56,68401,reads.in.rev,Rev,Both,Reads.in
Gh_SM_AGT07-22.2_s_56,68401,filtered.rev,Rev,Both,Filtered
Gh_SM_AGT07-22.3_s_27,47483,reads.in.rev,Rev,Both,Reads.in
Gh_SM_AGT07-22.3_s_27,47483,filtered.rev,Rev,Both,Filtered
Gh_SM_ROV12-11.2_d_29,27337,reads.in.rev,Rev,Both,Reads.in
Gh_SM_ROV12-11.2_d_29,27337,filtered.rev,Rev,Both,Filtered
Gh_SM_ROV19-11_d_30,45423,reads.in.rev,Rev,Both,Reads.in
Gh_SM_ROV19-11_d_30,45423,filtered.rev,Rev,Both,Filtered
Gh_Sva_100_d_82,64706,reads.in.rev,Rev,Both,Reads.in
Gh_Sva_100_d_82,64706,filtered.rev,Rev,Both,Filtered
Gh_Sva_101_d_84,80344,reads.in.rev,Rev,Both,Reads.in
Gh_Sva_101_d_84,80344,filtered.rev,Rev,Both,Filtered
Gh_Sva_62_s_31,26752,reads.in.rev,Rev,Both,Reads.in
Gh_Sva_62_s_31,26752,filtered.rev,Rev,Both,Filtered
Gh_Vst_011TVG-004B_d_92,36200,reads.in.rev,Rev,Both,Reads.in
Gh_Vst_011TVG-004B_d_92,36200,filtered.rev,Rev,Both,Filtered
Gh_Vst_019TVG-003B_d_90,83978,reads.in.rev,Rev,Both,Reads.in
Gh_Vst_019TVG-003B_d_90,83978,filtered.rev,Rev,Both,Filtered
Gh_Vst_019TVG-010B_d_91,33923,reads.in.rev,Rev,Both,Reads.in
Gh_Vst_019TVG-010B_d_91,33923,filtered.rev,Rev,Both,Filtered
Gh_Vst_045TVG-005B_i_61,95391,reads.in.rev,Rev,Both,Reads.in
Gh_Vst_045TVG-005B_i_61,95391,filtered.rev,Rev,Both,Filtered
Gh_Vst_045TVG-011B_i_62,108251,reads.in.rev,Rev,Both,Reads.in
Gh_Vst_045TVG-011B_i_62,108251,filtered.rev,Rev,Both,Filtered
Gh_Vst_045TVG-012B_i_64,74511,reads.in.rev,Rev,Both,Reads.in
Gh_Vst_045TVG-012B_i_64,74511,filtered.rev,Rev,Both,Filtered
Gh_Vst_080TVG-009B_s_17,89273,reads.in.rev,Rev,Both,Reads.in
Gh_Vst_080TVG-009B_s_17,89273,filtered.rev,Rev,Both,Filtered
Gh_Vst_080TVG-010B_s_18,138580,reads.in.rev,Rev,Both,Reads.in
Gh_Vst_080TVG-010B_s_18,138580,filtered.rev,Rev,Both,Filtered
Gh_Vst_080TVG-013B_s_19,120831,reads.in.rev,Rev,Both,Reads.in
Gh_Vst_080TVG-013B_s_19,120831,filtered.rev,Rev,Both,Filtered
Pv_FS_MPA_01601_s_52,38825,reads.in.rev,Rev,Both,Reads.in
Pv_FS_MPA_01601_s_52,38825,filtered.rev,Rev,Both,Filtered
Pv_FS_MPA_01602_s_26,66948,reads.in.rev,Rev,Both,Reads.in
Pv_FS_MPA_01602_s_26,66948,filtered.rev,Rev,Both,Filtered
Pv_FS_MPA_01603_s_53,26619,reads.in.rev,Rev,Both,Reads.in
Pv_FS_MPA_01603_s_53,26619,filtered.rev,Rev,Both,Filtered
Pv_NoS_11452_s_08,46917,reads.in.rev,Rev,Both,Reads.in
Pv_NoS_11452_s_08,46917,filtered.rev,Rev,Both,Filtered
Pv_NoS_11456_s_22,39725,reads.in.rev,Rev,Both,Reads.in
Pv_NoS_11456_s_22,39725,filtered.rev,Rev,Both,Filtered
Pv_NoS_Notag_s_09,66366,reads.in.rev,Rev,Both,Reads.in
Pv_NoS_Notag_s_09,66366,filtered.rev,Rev,Both,Filtered
Pv_NwK_ST5-38_s_29,42584,reads.in.rev,Rev,Both,Reads.in
Pv_NwK_ST5-38_s_29,42584,filtered.rev,Rev,Both,Filtered
Pv_NwK_ST5-39_s_30,49675,reads.in.rev,Rev,Both,Reads.in
Pv_NwK_ST5-39_s_30,49675,filtered.rev,Rev,Both,Filtered
Pv_RB_11218_s_13,114097,reads.in.rev,Rev,Both,Reads.in
Pv_RB_11218_s_13,114097,filtered.rev,Rev,Both,Filtered
Pv_RB_11221_s_23,81525,reads.in.rev,Rev,Both,Reads.in
Pv_RB_11221_s_23,81525,filtered.rev,Rev,Both,Filtered
Pv_RB_1418_s_15,59132,reads.in.rev,Rev,Both,Reads.in
Pv_RB_1418_s_15,59132,filtered.rev,Rev,Both,Filtered
Pv_RB_1420_s_16,47142,reads.in.rev,Rev,Both,Reads.in
Pv_RB_1420_s_16,47142,filtered.rev,Rev,Both,Filtered
Pv_RB_MPA_11417_s_20,32771,reads.in.rev,Rev,Both,Reads.in
Pv_RB_MPA_11417_s_20,32771,filtered.rev,Rev,Both,Filtered
Pv_RB_MPA_11419_s_21,75205,reads.in.rev,Rev,Both,Reads.in
Pv_RB_MPA_11419_s_21,75205,filtered.rev,Rev,Both,Filtered
Pv_RB_MPA_1865_s_24,34150,reads.in.rev,Rev,Both,Reads.in
Pv_RB_MPA_1865_s_24,34150,filtered.rev,Rev,Both,Filtered
Pv_RB_MPA_1866_s_14,34287,reads.in.rev,Rev,Both,Reads.in
Pv_RB_MPA_1866_s_14,34287,filtered.rev,Rev,Both,Filtered
Pv_SMK_ROV25-12_s_33,41671,reads.in.rev,Rev,Both,Reads.in
Pv_SMK_ROV25-12_s_33,41671,filtered.rev,Rev,Both,Filtered
Pv_SMK_ROV25-13_s_35,36111,reads.in.rev,Rev,Both,Reads.in
Pv_SMK_ROV25-13_s_35,36111,filtered.rev,Rev,Both,Filtered
Pv_SMK_ROV25-14_s_36,53598,reads.in.rev,Rev,Both,Reads.in
Pv_SMK_ROV25-14_s_36,53598,filtered.rev,Rev,Both,Filtered
Pv_SRT_046-26_s_11,31892,reads.in.rev,Rev,Both,Reads.in
Pv_SRT_046-26_s_11,31892,filtered.rev,Rev,Both,Filtered
Pv_SRT_046-49_s_12,72168,reads.in.rev,Rev,Both,Reads.in
Pv_SRT_046-49_s_12,72168,filtered.rev,Rev,Both,Filtered
Pv_SSNd_H044-01642_s_45,69174,reads.in.rev,Rev,Both,Reads.in
Pv_SSNd_H044-01642_s_45,69174,filtered.rev,Rev,Both,Filtered
Pv_SSNd_H044-01643_s_46,47330,reads.in.rev,Rev,Both,Reads.in
Pv_SSNd_H044-01643_s_46,47330,filtered.rev,Rev,Both,Filtered
Pv_SSNd_H044-01645_s_47,34779,reads.in.rev,Rev,Both,Reads.in
Pv_SSNd_H044-01645_s_47,34779,filtered.rev,Rev,Both,Filtered
Pv_Sw_11_s_05,32817,reads.in.rev,Rev,Both,Reads.in
Pv_Sw_11_s_05,32817,filtered.rev,Rev,Both,Filtered
Pv_Sw_9_s_04,35839,reads.in.rev,Rev,Both,Reads.in
Pv_Sw_9_s_04,35839,filtered.rev,Rev,Both,Filtered
Gb_BS_imp_15O4_s_31,48671,reads.in.fwd,Fwd,Both,Reads.in
Gb_BS_imp_15O4_s_31,48671,filtered.fwd,Fwd,Both,Filtered
Gb_BS_imp_18R6_s_38,86799,reads.in.fwd,Fwd,Both,Reads.in
Gb_BS_imp_18R6_s_38,86799,filtered.fwd,Fwd,Both,Filtered
Gb_BS_imp_23W4_s_37,56440,reads.in.fwd,Fwd,Both,Reads.in
Gb_BS_imp_23W4_s_37,56440,filtered.fwd,Fwd,Both,Filtered
Gb_BS_imp_9I4_s_39,51025,reads.in.fwd,Fwd,Both,Reads.in
Gb_BS_imp_9I4_s_39,51025,filtered.fwd,Fwd,Both,Filtered
Gb_BS_unimp_14N5_s_41,107540,reads.in.fwd,Fwd,Both,Reads.in
Gb_BS_unimp_14N5_s_41,107540,filtered.fwd,Fwd,Both,Filtered
Gb_BS_unimp_3C6_s_43,75892,reads.in.fwd,Fwd,Both,Reads.in
Gb_BS_unimp_3C6_s_43,75892,filtered.fwd,Fwd,Both,Filtered
Gb_BS_unimp_4D2_s_40,44697,reads.in.fwd,Fwd,Both,Reads.in
Gb_BS_unimp_4D2_s_40,44697,filtered.fwd,Fwd,Both,Filtered
Gb_BS_unimp_6F4_s_42,61753,reads.in.fwd,Fwd,Both,Reads.in
Gb_BS_unimp_6F4_s_42,61753,filtered.fwd,Fwd,Both,Filtered
Gb_Can_M_Trip8-75.1_d_69,118963,reads.in.fwd,Fwd,Both,Reads.in
Gb_Can_M_Trip8-75.1_d_69,118963,filtered.fwd,Fwd,Both,Filtered
Gb_Can_M_Trip8-75.2_d_70,96647,reads.in.fwd,Fwd,Both,Reads.in
Gb_Can_M_Trip8-75.2_d_70,96647,filtered.fwd,Fwd,Both,Filtered
Gb_Can_M_Trip8-75.3_d_71,84434,reads.in.fwd,Fwd,Both,Reads.in
Gb_Can_M_Trip8-75.3_d_71,84434,filtered.fwd,Fwd,Both,Filtered
Gb_Can_S_15O6_d_75,38863,reads.in.fwd,Fwd,Both,Reads.in
Gb_Can_S_15O6_d_75,38863,filtered.fwd,Fwd,Both,Filtered
Gb_Can_S_16P6_s_55,191122,reads.in.fwd,Fwd,Both,Reads.in
Gb_Can_S_16P6_s_55,191122,filtered.fwd,Fwd,Both,Filtered
Gb_Can_S_17Q3_d_77,90375,reads.in.fwd,Fwd,Both,Reads.in
Gb_Can_S_17Q3_d_77,90375,filtered.fwd,Fwd,Both,Filtered
Gb_Can_S_23W6_d_78,32068,reads.in.fwd,Fwd,Both,Reads.in
Gb_Can_S_23W6_d_78,32068,filtered.fwd,Fwd,Both,Filtered
Gb_Can_S_2B6_d_76,79468,reads.in.fwd,Fwd,Both,Reads.in
Gb_Can_S_2B6_d_76,79468,filtered.fwd,Fwd,Both,Filtered
Gb_Can_S_5E2_s_44,97971,reads.in.fwd,Fwd,Both,Reads.in
Gb_Can_S_5E2_s_44,97971,filtered.fwd,Fwd,Both,Filtered
Gb_Can_S_8H6_s_54,61188,reads.in.fwd,Fwd,Both,Reads.in
Gb_Can_S_8H6_s_54,61188,filtered.fwd,Fwd,Both,Filtered
Gb_FS_MPA_14N4_s_50,68839,reads.in.fwd,Fwd,Both,Reads.in
Gb_FS_MPA_14N4_s_50,68839,filtered.fwd,Fwd,Both,Filtered
Gb_FS_MPA_20T6_s_49,65301,reads.in.fwd,Fwd,Both,Reads.in
Gb_FS_MPA_20T6_s_49,65301,filtered.fwd,Fwd,Both,Filtered
Gb_FS_MPA_22V2_s_51,90625,reads.in.fwd,Fwd,Both,Reads.in
Gb_FS_MPA_22V2_s_51,90625,filtered.fwd,Fwd,Both,Filtered
Gb_NOR_17Q2_s_01,107877,reads.in.fwd,Fwd,Both,Reads.in
Gb_NOR_17Q2_s_01,107877,filtered.fwd,Fwd,Both,Filtered
Gb_NOR_18R2_s_02,63199,reads.in.fwd,Fwd,Both,Reads.in
Gb_NOR_18R2_s_02,63199,filtered.fwd,Fwd,Both,Filtered
Gb_NOR_1A7_s_03,57524,reads.in.fwd,Fwd,Both,Reads.in
Gb_NOR_1A7_s_03,57524,filtered.fwd,Fwd,Both,Filtered
Gb_NwK_12L5_s_27,45162,reads.in.fwd,Fwd,Both,Reads.in
Gb_NwK_12L5_s_27,45162,filtered.fwd,Fwd,Both,Filtered
Gb_NwK_21U5_s_28,73285,reads.in.fwd,Fwd,Both,Reads.in
Gb_NwK_21U5_s_28,73285,filtered.fwd,Fwd,Both,Filtered
Gb_OK_289_d_02,64354,reads.in.fwd,Fwd,Both,Reads.in
Gb_OK_289_d_02,64354,filtered.fwd,Fwd,Both,Filtered
Gb_RSB_MPA_13M4_d_74,41988,reads.in.fwd,Fwd,Both,Reads.in
Gb_RSB_MPA_13M4_d_74,41988,filtered.fwd,Fwd,Both,Filtered
Gb_RSB_MPA_13M5_d_72,55445,reads.in.fwd,Fwd,Both,Reads.in
Gb_RSB_MPA_13M5_d_72,55445,filtered.fwd,Fwd,Both,Filtered
Gb_RSB_MPA_18R4_d_73,78525,reads.in.fwd,Fwd,Both,Reads.in
Gb_RSB_MPA_18R4_d_73,78525,filtered.fwd,Fwd,Both,Filtered
Gb_SRT_1A5_s_23,91628,reads.in.fwd,Fwd,Both,Reads.in
Gb_SRT_1A5_s_23,91628,filtered.fwd,Fwd,Both,Filtered
Gb_SRT_8H5_s_22,85935,reads.in.fwd,Fwd,Both,Reads.in
Gb_SRT_8H5_s_22,85935,filtered.fwd,Fwd,Both,Filtered
Gb_Sva_20T5_s_25,84874,reads.in.fwd,Fwd,Both,Reads.in
Gb_Sva_20T5_s_25,84874,filtered.fwd,Fwd,Both,Filtered
Gb_Sva_7G6_s_26,54846,reads.in.fwd,Fwd,Both,Reads.in
Gb_Sva_7G6_s_26,54846,filtered.fwd,Fwd,Both,Filtered
Gb_Sw_15O5_s_21,113392,reads.in.fwd,Fwd,Both,Reads.in
Gb_Sw_15O5_s_21,113392,filtered.fwd,Fwd,Both,Filtered
Gb_Sw_22V6_s_06,82933,reads.in.fwd,Fwd,Both,Reads.in
Gb_Sw_22V6_s_06,82933,filtered.fwd,Fwd,Both,Filtered
Gh_Can_M_Trip8-75.5_d_66,86273,reads.in.fwd,Fwd,Both,Reads.in
Gh_Can_M_Trip8-75.5_d_66,86273,filtered.fwd,Fwd,Both,Filtered
Gh_Can_M_Trip8-75.7_d_67,93289,reads.in.fwd,Fwd,Both,Reads.in
Gh_Can_M_Trip8-75.7_d_67,93289,filtered.fwd,Fwd,Both,Filtered
Gh_Can_M_Trip8-75.8_d_68,76242,reads.in.fwd,Fwd,Both,Reads.in
Gh_Can_M_Trip8-75.8_d_68,76242,filtered.fwd,Fwd,Both,Filtered
Gh_Ice_A11-641-B_s_25,155556,reads.in.fwd,Fwd,Both,Reads.in
Gh_Ice_A11-641-B_s_25,155556,filtered.fwd,Fwd,Both,Filtered
Gh_Ice_ME85-3-1123-2-C_d_59,101151,reads.in.fwd,Fwd,Both,Reads.in
Gh_Ice_ME85-3-1123-2-C_d_59,101151,filtered.fwd,Fwd,Both,Filtered
Gh_Ice_ME85-3-1123-B_d_60,138247,reads.in.fwd,Fwd,Both,Reads.in
Gh_Ice_ME85-3-1123-B_d_60,138247,filtered.fwd,Fwd,Both,Filtered
Gh_Ice_ME85-3-1132-A_s_32,156316,reads.in.fwd,Fwd,Both,Reads.in
Gh_Ice_ME85-3-1132-A_s_32,156316,filtered.fwd,Fwd,Both,Filtered
Gh_JMR-SM_AGT03-26_d_93,104307,reads.in.fwd,Fwd,Both,Reads.in
Gh_JMR-SM_AGT03-26_d_93,104307,filtered.fwd,Fwd,Both,Filtered
Gh_JMR_DR01-A_d_87,70304,reads.in.fwd,Fwd,Both,Reads.in
Gh_JMR_DR01-A_d_87,70304,filtered.fwd,Fwd,Both,Filtered
Gh_JMR_DR01-B_d_88,92062,reads.in.fwd,Fwd,Both,Reads.in
Gh_JMR_DR01-B_d_88,92062,filtered.fwd,Fwd,Both,Filtered
Gh_JMR_DR01-C_d_89,70852,reads.in.fwd,Fwd,Both,Reads.in
Gh_JMR_DR01-C_d_89,70852,filtered.fwd,Fwd,Both,Filtered
Gh_JMR_DR05-1-A_s_85,76062,reads.in.fwd,Fwd,Both,Reads.in
Gh_JMR_DR05-1-A_s_85,76062,filtered.fwd,Fwd,Both,Filtered
Gh_JMR_DR05-1-B_s_86,87199,reads.in.fwd,Fwd,Both,Reads.in
Gh_JMR_DR05-1-B_s_86,87199,filtered.fwd,Fwd,Both,Filtered
Gh_KS_193.1_d_79,52209,reads.in.fwd,Fwd,Both,Reads.in
Gh_KS_193.1_d_79,52209,filtered.fwd,Fwd,Both,Filtered
Gh_KS_193.2_d_81,134065,reads.in.fwd,Fwd,Both,Reads.in
Gh_KS_193.2_d_81,134065,filtered.fwd,Fwd,Both,Filtered
Gh_KS_197.1_s_57,105607,reads.in.fwd,Fwd,Both,Reads.in
Gh_KS_197.1_s_57,105607,filtered.fwd,Fwd,Both,Filtered
Gh_KS_200.5_s_58,77800,reads.in.fwd,Fwd,Both,Reads.in
Gh_KS_200.5_s_58,77800,filtered.fwd,Fwd,Both,Filtered
Gh_OK_293_d_01,139470,reads.in.fwd,Fwd,Both,Reads.in
Gh_OK_293_d_01,139470,filtered.fwd,Fwd,Both,Filtered
Gh_SM_AGT07-22.10_s_28,101859,reads.in.fwd,Fwd,Both,Reads.in
Gh_SM_AGT07-22.10_s_28,101859,filtered.fwd,Fwd,Both,Filtered
Gh_SM_AGT07-22.2_s_56,106368,reads.in.fwd,Fwd,Both,Reads.in
Gh_SM_AGT07-22.2_s_56,106368,filtered.fwd,Fwd,Both,Filtered
Gh_SM_AGT07-22.3_s_27,69675,reads.in.fwd,Fwd,Both,Reads.in
Gh_SM_AGT07-22.3_s_27,69675,filtered.fwd,Fwd,Both,Filtered
Gh_SM_ROV12-11.2_d_29,49939,reads.in.fwd,Fwd,Both,Reads.in
Gh_SM_ROV12-11.2_d_29,49939,filtered.fwd,Fwd,Both,Filtered
Gh_SM_ROV19-11_d_30,93239,reads.in.fwd,Fwd,Both,Reads.in
Gh_SM_ROV19-11_d_30,93239,filtered.fwd,Fwd,Both,Filtered
Gh_Sva_100_d_82,98255,reads.in.fwd,Fwd,Both,Reads.in
Gh_Sva_100_d_82,98255,filtered.fwd,Fwd,Both,Filtered
Gh_Sva_101_d_84,139887,reads.in.fwd,Fwd,Both,Reads.in
Gh_Sva_101_d_84,139887,filtered.fwd,Fwd,Both,Filtered
Gh_Sva_62_s_31,39281,reads.in.fwd,Fwd,Both,Reads.in
Gh_Sva_62_s_31,39281,filtered.fwd,Fwd,Both,Filtered
Gh_Vst_011TVG-004B_d_92,65366,reads.in.fwd,Fwd,Both,Reads.in
Gh_Vst_011TVG-004B_d_92,65366,filtered.fwd,Fwd,Both,Filtered
Gh_Vst_019TVG-003B_d_90,140741,reads.in.fwd,Fwd,Both,Reads.in
Gh_Vst_019TVG-003B_d_90,140741,filtered.fwd,Fwd,Both,Filtered
Gh_Vst_019TVG-010B_d_91,65868,reads.in.fwd,Fwd,Both,Reads.in
Gh_Vst_019TVG-010B_d_91,65868,filtered.fwd,Fwd,Both,Filtered
Gh_Vst_045TVG-005B_i_61,134567,reads.in.fwd,Fwd,Both,Reads.in
Gh_Vst_045TVG-005B_i_61,134567,filtered.fwd,Fwd,Both,Filtered
Gh_Vst_045TVG-011B_i_62,168221,reads.in.fwd,Fwd,Both,Reads.in
Gh_Vst_045TVG-011B_i_62,168221,filtered.fwd,Fwd,Both,Filtered
Gh_Vst_045TVG-012B_i_64,118441,reads.in.fwd,Fwd,Both,Reads.in
Gh_Vst_045TVG-012B_i_64,118441,filtered.fwd,Fwd,Both,Filtered
Gh_Vst_080TVG-009B_s_17,122604,reads.in.fwd,Fwd,Both,Reads.in
Gh_Vst_080TVG-009B_s_17,122604,filtered.fwd,Fwd,Both,Filtered
Gh_Vst_080TVG-010B_s_18,213385,reads.in.fwd,Fwd,Both,Reads.in
Gh_Vst_080TVG-010B_s_18,213385,filtered.fwd,Fwd,Both,Filtered
Gh_Vst_080TVG-013B_s_19,176593,reads.in.fwd,Fwd,Both,Reads.in
Gh_Vst_080TVG-013B_s_19,176593,filtered.fwd,Fwd,Both,Filtered
Pv_FS_MPA_01601_s_52,59972,reads.in.fwd,Fwd,Both,Reads.in
Pv_FS_MPA_01601_s_52,59972,filtered.fwd,Fwd,Both,Filtered
Pv_FS_MPA_01602_s_26,131000,reads.in.fwd,Fwd,Both,Reads.in
Pv_FS_MPA_01602_s_26,131000,filtered.fwd,Fwd,Both,Filtered
Pv_FS_MPA_01603_s_53,42951,reads.in.fwd,Fwd,Both,Reads.in
Pv_FS_MPA_01603_s_53,42951,filtered.fwd,Fwd,Both,Filtered
Pv_NoS_11452_s_08,65552,reads.in.fwd,Fwd,Both,Reads.in
Pv_NoS_11452_s_08,65552,filtered.fwd,Fwd,Both,Filtered
Pv_NoS_11456_s_22,66336,reads.in.fwd,Fwd,Both,Reads.in
Pv_NoS_11456_s_22,66336,filtered.fwd,Fwd,Both,Filtered
Pv_NoS_Notag_s_09,96437,reads.in.fwd,Fwd,Both,Reads.in
Pv_NoS_Notag_s_09,96437,filtered.fwd,Fwd,Both,Filtered
Pv_NwK_ST5-38_s_29,76143,reads.in.fwd,Fwd,Both,Reads.in
Pv_NwK_ST5-38_s_29,76143,filtered.fwd,Fwd,Both,Filtered
Pv_NwK_ST5-39_s_30,87605,reads.in.fwd,Fwd,Both,Reads.in
Pv_NwK_ST5-39_s_30,87605,filtered.fwd,Fwd,Both,Filtered
Pv_RB_11218_s_13,147862,reads.in.fwd,Fwd,Both,Reads.in
Pv_RB_11218_s_13,147862,filtered.fwd,Fwd,Both,Filtered
Pv_RB_11221_s_23,134482,reads.in.fwd,Fwd,Both,Reads.in
Pv_RB_11221_s_23,134482,filtered.fwd,Fwd,Both,Filtered
Pv_RB_1418_s_15,60805,reads.in.fwd,Fwd,Both,Reads.in
Pv_RB_1418_s_15,60805,filtered.fwd,Fwd,Both,Filtered
Pv_RB_1420_s_16,78673,reads.in.fwd,Fwd,Both,Reads.in
Pv_RB_1420_s_16,78673,filtered.fwd,Fwd,Both,Filtered
Pv_RB_MPA_11417_s_20,45731,reads.in.fwd,Fwd,Both,Reads.in
Pv_RB_MPA_11417_s_20,45731,filtered.fwd,Fwd,Both,Filtered
Pv_RB_MPA_11419_s_21,112097,reads.in.fwd,Fwd,Both,Reads.in
Pv_RB_MPA_11419_s_21,112097,filtered.fwd,Fwd,Both,Filtered
Pv_RB_MPA_1865_s_24,56344,reads.in.fwd,Fwd,Both,Reads.in
Pv_RB_MPA_1865_s_24,56344,filtered.fwd,Fwd,Both,Filtered
Pv_RB_MPA_1866_s_14,56380,reads.in.fwd,Fwd,Both,Reads.in
Pv_RB_MPA_1866_s_14,56380,filtered.fwd,Fwd,Both,Filtered
Pv_SMK_ROV25-12_s_33,82615,reads.in.fwd,Fwd,Both,Reads.in
Pv_SMK_ROV25-12_s_33,82615,filtered.fwd,Fwd,Both,Filtered
Pv_SMK_ROV25-13_s_35,52170,reads.in.fwd,Fwd,Both,Reads.in
Pv_SMK_ROV25-13_s_35,52170,filtered.fwd,Fwd,Both,Filtered
Pv_SMK_ROV25-14_s_36,91029,reads.in.fwd,Fwd,Both,Reads.in
Pv_SMK_ROV25-14_s_36,91029,filtered.fwd,Fwd,Both,Filtered
Pv_SRT_046-26_s_11,42549,reads.in.fwd,Fwd,Both,Reads.in
Pv_SRT_046-26_s_11,42549,filtered.fwd,Fwd,Both,Filtered
Pv_SRT_046-49_s_12,112257,reads.in.fwd,Fwd,Both,Reads.in
Pv_SRT_046-49_s_12,112257,filtered.fwd,Fwd,Both,Filtered
Pv_SSNd_H044-01642_s_45,102529,reads.in.fwd,Fwd,Both,Reads.in
Pv_SSNd_H044-01642_s_45,102529,filtered.fwd,Fwd,Both,Filtered
Pv_SSNd_H044-01643_s_46,67202,reads.in.fwd,Fwd,Both,Reads.in
Pv_SSNd_H044-01643_s_46,67202,filtered.fwd,Fwd,Both,Filtered
Pv_SSNd_H044-01645_s_47,53665,reads.in.fwd,Fwd,Both,Reads.in
Pv_SSNd_H044-01645_s_47,53665,filtered.fwd,Fwd,Both,Filtered
Pv_Sw_11_s_05,59718,reads.in.fwd,Fwd,Both,Reads.in
Pv_Sw_11_s_05,59718,filtered.fwd,Fwd,Both,Filtered
Pv_Sw_9_s_04,37635,reads.in.fwd,Fwd,Both,Reads.in
Pv_Sw_9_s_04,37635,filtered.fwd,Fwd,Both,Filtered
Gb_BS_imp_15O4_s_31,43955,dadaF1s,Fwd,.1,Denoised
Gb_BS_imp_18R6_s_38,82223,dadaF1s,Fwd,.1,Denoised
Gb_BS_imp_23W4_s_37,52482,dadaF1s,Fwd,.1,Denoised
Gb_BS_imp_9I4_s_39,47013,dadaF1s,Fwd,.1,Denoised
Gb_BS_unimp_14N5_s_41,101488,dadaF1s,Fwd,.1,Denoised
Gb_BS_unimp_3C6_s_43,68044,dadaF1s,Fwd,.1,Denoised
Gb_BS_unimp_4D2_s_40,41107,dadaF1s,Fwd,.1,Denoised
Gb_BS_unimp_6F4_s_42,57658,dadaF1s,Fwd,.1,Denoised
Gb_Can_M_Trip8-75.1_d_69,116542,dadaF1s,Fwd,.1,Denoised
Gb_Can_M_Trip8-75.2_d_70,93917,dadaF1s,Fwd,.1,Denoised
Gb_Can_M_Trip8-75.3_d_71,80843,dadaF1s,Fwd,.1,Denoised
Gb_Can_S_15O6_d_75,36707,dadaF1s,Fwd,.1,Denoised
Gb_Can_S_16P6_s_55,184311,dadaF1s,Fwd,.1,Denoised
Gb_Can_S_17Q3_d_77,88191,dadaF1s,Fwd,.1,Denoised
Gb_Can_S_23W6_d_78,30354,dadaF1s,Fwd,.1,Denoised
Gb_Can_S_2B6_d_76,76002,dadaF1s,Fwd,.1,Denoised
Gb_Can_S_5E2_s_44,92226,dadaF1s,Fwd,.1,Denoised
Gb_Can_S_8H6_s_54,58238,dadaF1s,Fwd,.1,Denoised
Gb_FS_MPA_14N4_s_50,64097,dadaF1s,Fwd,.1,Denoised
Gb_FS_MPA_20T6_s_49,61069,dadaF1s,Fwd,.1,Denoised
Gb_FS_MPA_22V2_s_51,84238,dadaF1s,Fwd,.1,Denoised
Gb_NOR_17Q2_s_01,102745,dadaF1s,Fwd,.1,Denoised
Gb_NOR_18R2_s_02,57982,dadaF1s,Fwd,.1,Denoised
Gb_NOR_1A7_s_03,51286,dadaF1s,Fwd,.1,Denoised
Gb_NwK_12L5_s_27,41705,dadaF1s,Fwd,.1,Denoised
Gb_NwK_21U5_s_28,66973,dadaF1s,Fwd,.1,Denoised
Gb_OK_289_d_02,59855,dadaF1s,Fwd,.1,Denoised
Gb_RSB_MPA_13M4_d_74,38723,dadaF1s,Fwd,.1,Denoised
Gb_RSB_MPA_13M5_d_72,52348,dadaF1s,Fwd,.1,Denoised
Gb_RSB_MPA_18R4_d_73,72892,dadaF1s,Fwd,.1,Denoised
Gb_SRT_1A5_s_23,87558,dadaF1s,Fwd,.1,Denoised
Gb_SRT_8H5_s_22,80551,dadaF1s,Fwd,.1,Denoised
Gb_Sva_20T5_s_25,78810,dadaF1s,Fwd,.1,Denoised
Gb_Sva_7G6_s_26,49919,dadaF1s,Fwd,.1,Denoised
Gb_Sw_15O5_s_21,110711,dadaF1s,Fwd,.1,Denoised
Gb_Sw_22V6_s_06,77840,dadaF1s,Fwd,.1,Denoised
Gh_Can_M_Trip8-75.5_d_66,84386,dadaF1s,Fwd,.1,Denoised
Gh_Can_M_Trip8-75.7_d_67,91549,dadaF1s,Fwd,.1,Denoised
Gh_Can_M_Trip8-75.8_d_68,73622,dadaF1s,Fwd,.1,Denoised
Gh_Ice_A11-641-B_s_25,152732,dadaF1s,Fwd,.1,Denoised
Gh_Ice_ME85-3-1123-2-C_d_59,97079,dadaF1s,Fwd,.1,Denoised
Gh_Ice_ME85-3-1123-B_d_60,134564,dadaF1s,Fwd,.1,Denoised
Gh_Ice_ME85-3-1132-A_s_32,149531,dadaF1s,Fwd,.1,Denoised
Gh_JMR-SM_AGT03-26_d_93,100016,dadaF1s,Fwd,.1,Denoised
Gh_JMR_DR01-A_d_87,67560,dadaF1s,Fwd,.1,Denoised
Gh_JMR_DR01-B_d_88,86019,dadaF1s,Fwd,.1,Denoised
Gh_JMR_DR01-C_d_89,68213,dadaF1s,Fwd,.1,Denoised
Gh_JMR_DR05-1-A_s_85,73843,dadaF1s,Fwd,.1,Denoised
Gh_JMR_DR05-1-B_s_86,83495,dadaF1s,Fwd,.1,Denoised
Gh_KS_193.1_d_79,50169,dadaF1s,Fwd,.1,Denoised
Gh_KS_193.2_d_81,130393,dadaF1s,Fwd,.1,Denoised
Gh_KS_197.1_s_57,100725,dadaF1s,Fwd,.1,Denoised
Gh_KS_200.5_s_58,73915,dadaF1s,Fwd,.1,Denoised
Gh_OK_293_d_01,134778,dadaF1s,Fwd,.1,Denoised
Gh_SM_AGT07-22.10_s_28,98421,dadaF1s,Fwd,.1,Denoised
Gh_SM_AGT07-22.2_s_56,101756,dadaF1s,Fwd,.1,Denoised
Gh_SM_AGT07-22.3_s_27,66100,dadaF1s,Fwd,.1,Denoised
Gh_SM_ROV12-11.2_d_29,46744,dadaF1s,Fwd,.1,Denoised
Gh_SM_ROV19-11_d_30,89380,dadaF1s,Fwd,.1,Denoised
Gh_Sva_100_d_82,92841,dadaF1s,Fwd,.1,Denoised
Gh_Sva_101_d_84,132570,dadaF1s,Fwd,.1,Denoised
Gh_Sva_62_s_31,35056,dadaF1s,Fwd,.1,Denoised
Gh_Vst_011TVG-004B_d_92,61794,dadaF1s,Fwd,.1,Denoised
Gh_Vst_019TVG-003B_d_90,135322,dadaF1s,Fwd,.1,Denoised
Gh_Vst_019TVG-010B_d_91,62779,dadaF1s,Fwd,.1,Denoised
Gh_Vst_045TVG-005B_i_61,129755,dadaF1s,Fwd,.1,Denoised
Gh_Vst_045TVG-011B_i_62,162414,dadaF1s,Fwd,.1,Denoised
Gh_Vst_045TVG-012B_i_64,114081,dadaF1s,Fwd,.1,Denoised
Gh_Vst_080TVG-009B_s_17,115031,dadaF1s,Fwd,.1,Denoised
Gh_Vst_080TVG-010B_s_18,204220,dadaF1s,Fwd,.1,Denoised
Gh_Vst_080TVG-013B_s_19,166076,dadaF1s,Fwd,.1,Denoised
Pv_FS_MPA_01601_s_52,55373,dadaF1s,Fwd,.1,Denoised
Pv_FS_MPA_01602_s_26,125128,dadaF1s,Fwd,.1,Denoised
Pv_FS_MPA_01603_s_53,38278,dadaF1s,Fwd,.1,Denoised
Pv_NoS_11452_s_08,62659,dadaF1s,Fwd,.1,Denoised
Pv_NoS_11456_s_22,64711,dadaF1s,Fwd,.1,Denoised
Pv_NoS_Notag_s_09,90557,dadaF1s,Fwd,.1,Denoised
Pv_NwK_ST5-38_s_29,70731,dadaF1s,Fwd,.1,Denoised
Pv_NwK_ST5-39_s_30,82549,dadaF1s,Fwd,.1,Denoised
Pv_RB_11218_s_13,142694,dadaF1s,Fwd,.1,Denoised
Pv_RB_11221_s_23,130153,dadaF1s,Fwd,.1,Denoised
Pv_RB_1418_s_15,58615,dadaF1s,Fwd,.1,Denoised
Pv_RB_1420_s_16,75221,dadaF1s,Fwd,.1,Denoised
Pv_RB_MPA_11417_s_20,42368,dadaF1s,Fwd,.1,Denoised
Pv_RB_MPA_11419_s_21,105042,dadaF1s,Fwd,.1,Denoised
Pv_RB_MPA_1865_s_24,51970,dadaF1s,Fwd,.1,Denoised
Pv_RB_MPA_1866_s_14,53792,dadaF1s,Fwd,.1,Denoised
Pv_SMK_ROV25-12_s_33,79019,dadaF1s,Fwd,.1,Denoised
Pv_SMK_ROV25-13_s_35,49132,dadaF1s,Fwd,.1,Denoised
Pv_SMK_ROV25-14_s_36,81172,dadaF1s,Fwd,.1,Denoised
Pv_SRT_046-26_s_11,41172,dadaF1s,Fwd,.1,Denoised
Pv_SRT_046-49_s_12,108921,dadaF1s,Fwd,.1,Denoised
Pv_SSNd_H044-01642_s_45,90600,dadaF1s,Fwd,.1,Denoised
Pv_SSNd_H044-01643_s_46,62459,dadaF1s,Fwd,.1,Denoised
Pv_SSNd_H044-01645_s_47,48681,dadaF1s,Fwd,.1,Denoised
Pv_Sw_11_s_05,56125,dadaF1s,Fwd,.1,Denoised
Pv_Sw_9_s_04,34846,dadaF1s,Fwd,.1,Denoised
Gb_BS_imp_15O4_s_31,46898,dadaF2s,Fwd,.2,Denoised
Gb_BS_imp_18R6_s_38,84678,dadaF2s,Fwd,.2,Denoised
Gb_BS_imp_23W4_s_37,54770,dadaF2s,Fwd,.2,Denoised
Gb_BS_imp_9I4_s_39,49069,dadaF2s,Fwd,.2,Denoised
Gb_BS_unimp_14N5_s_41,104187,dadaF2s,Fwd,.2,Denoised
Gb_BS_unimp_3C6_s_43,72877,dadaF2s,Fwd,.2,Denoised
Gb_BS_unimp_4D2_s_40,42572,dadaF2s,Fwd,.2,Denoised
Gb_BS_unimp_6F4_s_42,59451,dadaF2s,Fwd,.2,Denoised
Gb_Can_M_Trip8-75.1_d_69,117376,dadaF2s,Fwd,.2,Denoised
Gb_Can_M_Trip8-75.2_d_70,95045,dadaF2s,Fwd,.2,Denoised
Gb_Can_M_Trip8-75.3_d_71,82757,dadaF2s,Fwd,.2,Denoised
Gb_Can_S_15O6_d_75,37792,dadaF2s,Fwd,.2,Denoised
Gb_Can_S_16P6_s_55,188325,dadaF2s,Fwd,.2,Denoised
Gb_Can_S_17Q3_d_77,89143,dadaF2s,Fwd,.2,Denoised
Gb_Can_S_23W6_d_78,31240,dadaF2s,Fwd,.2,Denoised
Gb_Can_S_2B6_d_76,78132,dadaF2s,Fwd,.2,Denoised
Gb_Can_S_5E2_s_44,95563,dadaF2s,Fwd,.2,Denoised
Gb_Can_S_8H6_s_54,59566,dadaF2s,Fwd,.2,Denoised
Gb_FS_MPA_14N4_s_50,66893,dadaF2s,Fwd,.2,Denoised
Gb_FS_MPA_20T6_s_49,63655,dadaF2s,Fwd,.2,Denoised
Gb_FS_MPA_22V2_s_51,87495,dadaF2s,Fwd,.2,Denoised
Gb_NOR_17Q2_s_01,105681,dadaF2s,Fwd,.2,Denoised
Gb_NOR_18R2_s_02,61192,dadaF2s,Fwd,.2,Denoised
Gb_NOR_1A7_s_03,54557,dadaF2s,Fwd,.2,Denoised
Gb_NwK_12L5_s_27,43812,dadaF2s,Fwd,.2,Denoised
Gb_NwK_21U5_s_28,71147,dadaF2s,Fwd,.2,Denoised
Gb_OK_289_d_02,62692,dadaF2s,Fwd,.2,Denoised
Gb_RSB_MPA_13M4_d_74,41073,dadaF2s,Fwd,.2,Denoised
Gb_RSB_MPA_13M5_d_72,54467,dadaF2s,Fwd,.2,Denoised
Gb_RSB_MPA_18R4_d_73,76717,dadaF2s,Fwd,.2,Denoised
Gb_SRT_1A5_s_23,90306,dadaF2s,Fwd,.2,Denoised
Gb_SRT_8H5_s_22,84063,dadaF2s,Fwd,.2,Denoised
Gb_Sva_20T5_s_25,82212,dadaF2s,Fwd,.2,Denoised
Gb_Sva_7G6_s_26,52189,dadaF2s,Fwd,.2,Denoised
Gb_Sw_15O5_s_21,112223,dadaF2s,Fwd,.2,Denoised
Gb_Sw_22V6_s_06,81031,dadaF2s,Fwd,.2,Denoised
Gh_Can_M_Trip8-75.5_d_66,85426,dadaF2s,Fwd,.2,Denoised
Gh_Can_M_Trip8-75.7_d_67,92399,dadaF2s,Fwd,.2,Denoised
Gh_Can_M_Trip8-75.8_d_68,75122,dadaF2s,Fwd,.2,Denoised
Gh_Ice_A11-641-B_s_25,154600,dadaF2s,Fwd,.2,Denoised
Gh_Ice_ME85-3-1123-2-C_d_59,99255,dadaF2s,Fwd,.2,Denoised
Gh_Ice_ME85-3-1123-B_d_60,136474,dadaF2s,Fwd,.2,Denoised
Gh_Ice_ME85-3-1132-A_s_32,153997,dadaF2s,Fwd,.2,Denoised
Gh_JMR-SM_AGT03-26_d_93,102870,dadaF2s,Fwd,.2,Denoised
Gh_JMR_DR01-A_d_87,69303,dadaF2s,Fwd,.2,Denoised
Gh_JMR_DR01-B_d_88,90452,dadaF2s,Fwd,.2,Denoised
Gh_JMR_DR01-C_d_89,70037,dadaF2s,Fwd,.2,Denoised
Gh_JMR_DR05-1-A_s_85,75412,dadaF2s,Fwd,.2,Denoised
Gh_JMR_DR05-1-B_s_86,86107,dadaF2s,Fwd,.2,Denoised
Gh_KS_193.1_d_79,50968,dadaF2s,Fwd,.2,Denoised
Gh_KS_193.2_d_81,132251,dadaF2s,Fwd,.2,Denoised
Gh_KS_197.1_s_57,103952,dadaF2s,Fwd,.2,Denoised
Gh_KS_200.5_s_58,76027,dadaF2s,Fwd,.2,Denoised
Gh_OK_293_d_01,137686,dadaF2s,Fwd,.2,Denoised
Gh_SM_AGT07-22.10_s_28,100562,dadaF2s,Fwd,.2,Denoised
Gh_SM_AGT07-22.2_s_56,104467,dadaF2s,Fwd,.2,Denoised
Gh_SM_AGT07-22.3_s_27,68045,dadaF2s,Fwd,.2,Denoised
Gh_SM_ROV12-11.2_d_29,48785,dadaF2s,Fwd,.2,Denoised
Gh_SM_ROV19-11_d_30,91683,dadaF2s,Fwd,.2,Denoised
Gh_Sva_100_d_82,96657,dadaF2s,Fwd,.2,Denoised
Gh_Sva_101_d_84,137445,dadaF2s,Fwd,.2,Denoised
Gh_Sva_62_s_31,37764,dadaF2s,Fwd,.2,Denoised
Gh_Vst_011TVG-004B_d_92,64224,dadaF2s,Fwd,.2,Denoised
Gh_Vst_019TVG-003B_d_90,138674,dadaF2s,Fwd,.2,Denoised
Gh_Vst_019TVG-010B_d_91,64729,dadaF2s,Fwd,.2,Denoised
Gh_Vst_045TVG-005B_i_61,132316,dadaF2s,Fwd,.2,Denoised
Gh_Vst_045TVG-011B_i_62,165461,dadaF2s,Fwd,.2,Denoised
Gh_Vst_045TVG-012B_i_64,116544,dadaF2s,Fwd,.2,Denoised
Gh_Vst_080TVG-009B_s_17,120324,dadaF2s,Fwd,.2,Denoised
Gh_Vst_080TVG-010B_s_18,211323,dadaF2s,Fwd,.2,Denoised
Gh_Vst_080TVG-013B_s_19,172693,dadaF2s,Fwd,.2,Denoised
Pv_FS_MPA_01601_s_52,57373,dadaF2s,Fwd,.2,Denoised
Pv_FS_MPA_01602_s_26,127999,dadaF2s,Fwd,.2,Denoised
Pv_FS_MPA_01603_s_53,40824,dadaF2s,Fwd,.2,Denoised
Pv_NoS_11452_s_08,64264,dadaF2s,Fwd,.2,Denoised
Pv_NoS_11456_s_22,65992,dadaF2s,Fwd,.2,Denoised
Pv_NoS_Notag_s_09,93466,dadaF2s,Fwd,.2,Denoised
Pv_NwK_ST5-38_s_29,73646,dadaF2s,Fwd,.2,Denoised
Pv_NwK_ST5-39_s_30,85627,dadaF2s,Fwd,.2,Denoised
Pv_RB_11218_s_13,146632,dadaF2s,Fwd,.2,Denoised
Pv_RB_11221_s_23,133836,dadaF2s,Fwd,.2,Denoised
Pv_RB_1418_s_15,59314,dadaF2s,Fwd,.2,Denoised
Pv_RB_1420_s_16,76953,dadaF2s,Fwd,.2,Denoised
Pv_RB_MPA_11417_s_20,44649,dadaF2s,Fwd,.2,Denoised
Pv_RB_MPA_11419_s_21,110541,dadaF2s,Fwd,.2,Denoised
Pv_RB_MPA_1865_s_24,54773,dadaF2s,Fwd,.2,Denoised
Pv_RB_MPA_1866_s_14,54693,dadaF2s,Fwd,.2,Denoised
Pv_SMK_ROV25-12_s_33,80376,dadaF2s,Fwd,.2,Denoised
Pv_SMK_ROV25-13_s_35,49994,dadaF2s,Fwd,.2,Denoised
Pv_SMK_ROV25-14_s_36,89193,dadaF2s,Fwd,.2,Denoised
Pv_SRT_046-26_s_11,41583,dadaF2s,Fwd,.2,Denoised
Pv_SRT_046-49_s_12,110229,dadaF2s,Fwd,.2,Denoised
Pv_SSNd_H044-01642_s_45,100467,dadaF2s,Fwd,.2,Denoised
Pv_SSNd_H044-01643_s_46,65371,dadaF2s,Fwd,.2,Denoised
Pv_SSNd_H044-01645_s_47,52005,dadaF2s,Fwd,.2,Denoised
Pv_Sw_11_s_05,57437,dadaF2s,Fwd,.2,Denoised
Pv_Sw_9_s_04,35966,dadaF2s,Fwd,.2,Denoised
Gb_BS_imp_15O4_s_31,28139,dadaR1s,Rev,.1,Denoised
Gb_BS_imp_18R6_s_38,52033,dadaR1s,Rev,.1,Denoised
Gb_BS_imp_23W4_s_37,34521,dadaR1s,Rev,.1,Denoised
Gb_BS_imp_9I4_s_39,33186,dadaR1s,Rev,.1,Denoised
Gb_BS_unimp_14N5_s_41,68551,dadaR1s,Rev,.1,Denoised
Gb_BS_unimp_3C6_s_43,42234,dadaR1s,Rev,.1,Denoised
Gb_BS_unimp_4D2_s_40,29568,dadaR1s,Rev,.1,Denoised
Gb_BS_unimp_6F4_s_42,43366,dadaR1s,Rev,.1,Denoised
Gb_Can_M_Trip8-75.1_d_69,60031,dadaR1s,Rev,.1,Denoised
Gb_Can_M_Trip8-75.2_d_70,55122,dadaR1s,Rev,.1,Denoised
Gb_Can_M_Trip8-75.3_d_71,43464,dadaR1s,Rev,.1,Denoised
Gb_Can_S_15O6_d_75,24536,dadaR1s,Rev,.1,Denoised
Gb_Can_S_16P6_s_55,133562,dadaR1s,Rev,.1,Denoised
Gb_Can_S_17Q3_d_77,53139,dadaR1s,Rev,.1,Denoised
Gb_Can_S_23W6_d_78,19613,dadaR1s,Rev,.1,Denoised
Gb_Can_S_2B6_d_76,33920,dadaR1s,Rev,.1,Denoised
Gb_Can_S_5E2_s_44,67795,dadaR1s,Rev,.1,Denoised
Gb_Can_S_8H6_s_54,44512,dadaR1s,Rev,.1,Denoised
Gb_FS_MPA_14N4_s_50,31301,dadaR1s,Rev,.1,Denoised
Gb_FS_MPA_20T6_s_49,43047,dadaR1s,Rev,.1,Denoised
Gb_FS_MPA_22V2_s_51,54594,dadaR1s,Rev,.1,Denoised
Gb_NOR_17Q2_s_01,63369,dadaR1s,Rev,.1,Denoised
Gb_NOR_18R2_s_02,45035,dadaR1s,Rev,.1,Denoised
Gb_NOR_1A7_s_03,39759,dadaR1s,Rev,.1,Denoised
Gb_NwK_12L5_s_27,30343,dadaR1s,Rev,.1,Denoised
Gb_NwK_21U5_s_28,39318,dadaR1s,Rev,.1,Denoised
Gb_OK_289_d_02,41201,dadaR1s,Rev,.1,Denoised
Gb_RSB_MPA_13M4_d_74,25302,dadaR1s,Rev,.1,Denoised
Gb_RSB_MPA_13M5_d_72,31056,dadaR1s,Rev,.1,Denoised
Gb_RSB_MPA_18R4_d_73,38972,dadaR1s,Rev,.1,Denoised
Gb_SRT_1A5_s_23,58297,dadaR1s,Rev,.1,Denoised
Gb_SRT_8H5_s_22,51351,dadaR1s,Rev,.1,Denoised
Gb_Sva_20T5_s_25,41932,dadaR1s,Rev,.1,Denoised
Gb_Sva_7G6_s_26,30895,dadaR1s,Rev,.1,Denoised
Gb_Sw_15O5_s_21,61989,dadaR1s,Rev,.1,Denoised
Gb_Sw_22V6_s_06,54101,dadaR1s,Rev,.1,Denoised
Gh_Can_M_Trip8-75.5_d_66,44336,dadaR1s,Rev,.1,Denoised
Gh_Can_M_Trip8-75.7_d_67,54702,dadaR1s,Rev,.1,Denoised
Gh_Can_M_Trip8-75.8_d_68,43693,dadaR1s,Rev,.1,Denoised
Gh_Ice_A11-641-B_s_25,74645,dadaR1s,Rev,.1,Denoised
Gh_Ice_ME85-3-1123-2-C_d_59,55985,dadaR1s,Rev,.1,Denoised
Gh_Ice_ME85-3-1123-B_d_60,76007,dadaR1s,Rev,.1,Denoised
Gh_Ice_ME85-3-1132-A_s_32,119438,dadaR1s,Rev,.1,Denoised
Gh_JMR-SM_AGT03-26_d_93,52520,dadaR1s,Rev,.1,Denoised
Gh_JMR_DR01-A_d_87,37306,dadaR1s,Rev,.1,Denoised
Gh_JMR_DR01-B_d_88,51628,dadaR1s,Rev,.1,Denoised
Gh_JMR_DR01-C_d_89,39147,dadaR1s,Rev,.1,Denoised
Gh_JMR_DR05-1-A_s_85,40486,dadaR1s,Rev,.1,Denoised
Gh_JMR_DR05-1-B_s_86,53181,dadaR1s,Rev,.1,Denoised
Gh_KS_193.1_d_79,32603,dadaR1s,Rev,.1,Denoised
Gh_KS_193.2_d_81,84550,dadaR1s,Rev,.1,Denoised
Gh_KS_197.1_s_57,54239,dadaR1s,Rev,.1,Denoised
Gh_KS_200.5_s_58,56943,dadaR1s,Rev,.1,Denoised
Gh_OK_293_d_01,73287,dadaR1s,Rev,.1,Denoised
Gh_SM_AGT07-22.10_s_28,51564,dadaR1s,Rev,.1,Denoised
Gh_SM_AGT07-22.2_s_56,64956,dadaR1s,Rev,.1,Denoised
Gh_SM_AGT07-22.3_s_27,44983,dadaR1s,Rev,.1,Denoised
Gh_SM_ROV12-11.2_d_29,25429,dadaR1s,Rev,.1,Denoised
Gh_SM_ROV19-11_d_30,43324,dadaR1s,Rev,.1,Denoised
Gh_Sva_100_d_82,61718,dadaR1s,Rev,.1,Denoised
Gh_Sva_101_d_84,76989,dadaR1s,Rev,.1,Denoised
Gh_Sva_62_s_31,24512,dadaR1s,Rev,.1,Denoised
Gh_Vst_011TVG-004B_d_92,34070,dadaR1s,Rev,.1,Denoised
Gh_Vst_019TVG-003B_d_90,81145,dadaR1s,Rev,.1,Denoised
Gh_Vst_019TVG-010B_d_91,31443,dadaR1s,Rev,.1,Denoised
Gh_Vst_045TVG-005B_i_61,90955,dadaR1s,Rev,.1,Denoised
Gh_Vst_045TVG-011B_i_62,104142,dadaR1s,Rev,.1,Denoised
Gh_Vst_045TVG-012B_i_64,71465,dadaR1s,Rev,.1,Denoised
Gh_Vst_080TVG-009B_s_17,85778,dadaR1s,Rev,.1,Denoised
Gh_Vst_080TVG-010B_s_18,135483,dadaR1s,Rev,.1,Denoised
Gh_Vst_080TVG-013B_s_19,114235,dadaR1s,Rev,.1,Denoised
Pv_FS_MPA_01601_s_52,35938,dadaR1s,Rev,.1,Denoised
Pv_FS_MPA_01602_s_26,63566,dadaR1s,Rev,.1,Denoised
Pv_FS_MPA_01603_s_53,24101,dadaR1s,Rev,.1,Denoised
Pv_NoS_11452_s_08,45434,dadaR1s,Rev,.1,Denoised
Pv_NoS_11456_s_22,39441,dadaR1s,Rev,.1,Denoised
Pv_NoS_Notag_s_09,62650,dadaR1s,Rev,.1,Denoised
Pv_NwK_ST5-38_s_29,39341,dadaR1s,Rev,.1,Denoised
Pv_NwK_ST5-39_s_30,46946,dadaR1s,Rev,.1,Denoised
Pv_RB_11218_s_13,112023,dadaR1s,Rev,.1,Denoised
Pv_RB_11221_s_23,80682,dadaR1s,Rev,.1,Denoised
Pv_RB_1418_s_15,56951,dadaR1s,Rev,.1,Denoised
Pv_RB_1420_s_16,45276,dadaR1s,Rev,.1,Denoised
Pv_RB_MPA_11417_s_20,31677,dadaR1s,Rev,.1,Denoised
Pv_RB_MPA_11419_s_21,73298,dadaR1s,Rev,.1,Denoised
Pv_RB_MPA_1865_s_24,32071,dadaR1s,Rev,.1,Denoised
Pv_RB_MPA_1866_s_14,32299,dadaR1s,Rev,.1,Denoised
Pv_SMK_ROV25-12_s_33,39529,dadaR1s,Rev,.1,Denoised
Pv_SMK_ROV25-13_s_35,33575,dadaR1s,Rev,.1,Denoised
Pv_SMK_ROV25-14_s_36,51396,dadaR1s,Rev,.1,Denoised
Pv_SRT_046-26_s_11,30698,dadaR1s,Rev,.1,Denoised
Pv_SRT_046-49_s_12,69913,dadaR1s,Rev,.1,Denoised
Pv_SSNd_H044-01642_s_45,66969,dadaR1s,Rev,.1,Denoised
Pv_SSNd_H044-01643_s_46,45029,dadaR1s,Rev,.1,Denoised
Pv_SSNd_H044-01645_s_47,32869,dadaR1s,Rev,.1,Denoised
Pv_Sw_11_s_05,30511,dadaR1s,Rev,.1,Denoised
Pv_Sw_9_s_04,33404,dadaR1s,Rev,.1,Denoised
Gb_BS_imp_15O4_s_31,28963,dadaR2s,Rev,.2,Denoised
Gb_BS_imp_18R6_s_38,54227,dadaR2s,Rev,.2,Denoised
Gb_BS_imp_23W4_s_37,36363,dadaR2s,Rev,.2,Denoised
Gb_BS_imp_9I4_s_39,35222,dadaR2s,Rev,.2,Denoised
Gb_BS_unimp_14N5_s_41,71218,dadaR2s,Rev,.2,Denoised
Gb_BS_unimp_3C6_s_43,44866,dadaR2s,Rev,.2,Denoised
Gb_BS_unimp_4D2_s_40,31119,dadaR2s,Rev,.2,Denoised
Gb_BS_unimp_6F4_s_42,45212,dadaR2s,Rev,.2,Denoised
Gb_Can_M_Trip8-75.1_d_69,61112,dadaR2s,Rev,.2,Denoised
Gb_Can_M_Trip8-75.2_d_70,56714,dadaR2s,Rev,.2,Denoised
Gb_Can_M_Trip8-75.3_d_71,44681,dadaR2s,Rev,.2,Denoised
Gb_Can_S_15O6_d_75,25101,dadaR2s,Rev,.2,Denoised
Gb_Can_S_16P6_s_55,136444,dadaR2s,Rev,.2,Denoised
Gb_Can_S_17Q3_d_77,53929,dadaR2s,Rev,.2,Denoised
Gb_Can_S_23W6_d_78,20209,dadaR2s,Rev,.2,Denoised
Gb_Can_S_2B6_d_76,35170,dadaR2s,Rev,.2,Denoised
Gb_Can_S_5E2_s_44,69842,dadaR2s,Rev,.2,Denoised
Gb_Can_S_8H6_s_54,45481,dadaR2s,Rev,.2,Denoised
Gb_FS_MPA_14N4_s_50,33557,dadaR2s,Rev,.2,Denoised
Gb_FS_MPA_20T6_s_49,45380,dadaR2s,Rev,.2,Denoised
Gb_FS_MPA_22V2_s_51,57216,dadaR2s,Rev,.2,Denoised
Gb_NOR_17Q2_s_01,66818,dadaR2s,Rev,.2,Denoised
Gb_NOR_18R2_s_02,47854,dadaR2s,Rev,.2,Denoised
Gb_NOR_1A7_s_03,42739,dadaR2s,Rev,.2,Denoised
Gb_NwK_12L5_s_27,32538,dadaR2s,Rev,.2,Denoised
Gb_NwK_21U5_s_28,42574,dadaR2s,Rev,.2,Denoised
Gb_OK_289_d_02,43951,dadaR2s,Rev,.2,Denoised
Gb_RSB_MPA_13M4_d_74,26676,dadaR2s,Rev,.2,Denoised
Gb_RSB_MPA_13M5_d_72,32652,dadaR2s,Rev,.2,Denoised
Gb_RSB_MPA_18R4_d_73,41403,dadaR2s,Rev,.2,Denoised
Gb_SRT_1A5_s_23,59760,dadaR2s,Rev,.2,Denoised
Gb_SRT_8H5_s_22,54083,dadaR2s,Rev,.2,Denoised
Gb_Sva_20T5_s_25,44310,dadaR2s,Rev,.2,Denoised
Gb_Sva_7G6_s_26,32167,dadaR2s,Rev,.2,Denoised
Gb_Sw_15O5_s_21,62886,dadaR2s,Rev,.2,Denoised
Gb_Sw_22V6_s_06,56020,dadaR2s,Rev,.2,Denoised
Gh_Can_M_Trip8-75.5_d_66,45172,dadaR2s,Rev,.2,Denoised
Gh_Can_M_Trip8-75.7_d_67,55308,dadaR2s,Rev,.2,Denoised
Gh_Can_M_Trip8-75.8_d_68,45153,dadaR2s,Rev,.2,Denoised
Gh_Ice_A11-641-B_s_25,75806,dadaR2s,Rev,.2,Denoised
Gh_Ice_ME85-3-1123-2-C_d_59,57626,dadaR2s,Rev,.2,Denoised
Gh_Ice_ME85-3-1123-B_d_60,77262,dadaR2s,Rev,.2,Denoised
Gh_Ice_ME85-3-1132-A_s_32,122089,dadaR2s,Rev,.2,Denoised
Gh_JMR-SM_AGT03-26_d_93,53263,dadaR2s,Rev,.2,Denoised
Gh_JMR_DR01-A_d_87,38009,dadaR2s,Rev,.2,Denoised
Gh_JMR_DR01-B_d_88,53056,dadaR2s,Rev,.2,Denoised
Gh_JMR_DR01-C_d_89,40082,dadaR2s,Rev,.2,Denoised
Gh_JMR_DR05-1-A_s_85,41089,dadaR2s,Rev,.2,Denoised
Gh_JMR_DR05-1-B_s_86,54815,dadaR2s,Rev,.2,Denoised
Gh_KS_193.1_d_79,33306,dadaR2s,Rev,.2,Denoised
Gh_KS_193.2_d_81,85686,dadaR2s,Rev,.2,Denoised
Gh_KS_197.1_s_57,58583,dadaR2s,Rev,.2,Denoised
Gh_KS_200.5_s_58,58862,dadaR2s,Rev,.2,Denoised
Gh_OK_293_d_01,75159,dadaR2s,Rev,.2,Denoised
Gh_SM_AGT07-22.10_s_28,52835,dadaR2s,Rev,.2,Denoised
Gh_SM_AGT07-22.2_s_56,66833,dadaR2s,Rev,.2,Denoised
Gh_SM_AGT07-22.3_s_27,45909,dadaR2s,Rev,.2,Denoised
Gh_SM_ROV12-11.2_d_29,26416,dadaR2s,Rev,.2,Denoised
Gh_SM_ROV19-11_d_30,44356,dadaR2s,Rev,.2,Denoised
Gh_Sva_100_d_82,63370,dadaR2s,Rev,.2,Denoised
Gh_Sva_101_d_84,78700,dadaR2s,Rev,.2,Denoised
Gh_Sva_62_s_31,25511,dadaR2s,Rev,.2,Denoised
Gh_Vst_011TVG-004B_d_92,35299,dadaR2s,Rev,.2,Denoised
Gh_Vst_019TVG-003B_d_90,82275,dadaR2s,Rev,.2,Denoised
Gh_Vst_019TVG-010B_d_91,33066,dadaR2s,Rev,.2,Denoised
Gh_Vst_045TVG-005B_i_61,93520,dadaR2s,Rev,.2,Denoised
Gh_Vst_045TVG-011B_i_62,106043,dadaR2s,Rev,.2,Denoised
Gh_Vst_045TVG-012B_i_64,73067,dadaR2s,Rev,.2,Denoised
Gh_Vst_080TVG-009B_s_17,87344,dadaR2s,Rev,.2,Denoised
Gh_Vst_080TVG-010B_s_18,136876,dadaR2s,Rev,.2,Denoised
Gh_Vst_080TVG-013B_s_19,117730,dadaR2s,Rev,.2,Denoised
Pv_FS_MPA_01601_s_52,36780,dadaR2s,Rev,.2,Denoised
Pv_FS_MPA_01602_s_26,64654,dadaR2s,Rev,.2,Denoised
Pv_FS_MPA_01603_s_53,24743,dadaR2s,Rev,.2,Denoised
Pv_NoS_11452_s_08,46004,dadaR2s,Rev,.2,Denoised
Pv_NoS_11456_s_22,39553,dadaR2s,Rev,.2,Denoised
Pv_NoS_Notag_s_09,63673,dadaR2s,Rev,.2,Denoised
Pv_NwK_ST5-38_s_29,40689,dadaR2s,Rev,.2,Denoised
Pv_NwK_ST5-39_s_30,48083,dadaR2s,Rev,.2,Denoised
Pv_RB_11218_s_13,113137,dadaR2s,Rev,.2,Denoised
Pv_RB_11221_s_23,81158,dadaR2s,Rev,.2,Denoised
Pv_RB_1418_s_15,57739,dadaR2s,Rev,.2,Denoised
Pv_RB_1420_s_16,45882,dadaR2s,Rev,.2,Denoised
Pv_RB_MPA_11417_s_20,31967,dadaR2s,Rev,.2,Denoised
Pv_RB_MPA_11419_s_21,74135,dadaR2s,Rev,.2,Denoised
Pv_RB_MPA_1865_s_24,32698,dadaR2s,Rev,.2,Denoised
Pv_RB_MPA_1866_s_14,33015,dadaR2s,Rev,.2,Denoised
Pv_SMK_ROV25-12_s_33,40170,dadaR2s,Rev,.2,Denoised
Pv_SMK_ROV25-13_s_35,34208,dadaR2s,Rev,.2,Denoised
Pv_SMK_ROV25-14_s_36,52208,dadaR2s,Rev,.2,Denoised
Pv_SRT_046-26_s_11,31073,dadaR2s,Rev,.2,Denoised
Pv_SRT_046-49_s_12,70678,dadaR2s,Rev,.2,Denoised
Pv_SSNd_H044-01642_s_45,67775,dadaR2s,Rev,.2,Denoised
Pv_SSNd_H044-01643_s_46,45734,dadaR2s,Rev,.2,Denoised
Pv_SSNd_H044-01645_s_47,33556,dadaR2s,Rev,.2,Denoised
Pv_Sw_11_s_05,31215,dadaR2s,Rev,.2,Denoised
Pv_Sw_9_s_04,34417,dadaR2s,Rev,.2,Denoised
Gb_BS_imp_15O4_s_31,26789,mergersF,Fwd,Both,Merged
Gb_BS_imp_18R6_s_38,57746,mergersF,Fwd,Both,Merged
Gb_BS_imp_23W4_s_37,42849,mergersF,Fwd,Both,Merged
Gb_BS_imp_9I4_s_39,29959,mergersF,Fwd,Both,Merged
Gb_BS_unimp_14N5_s_41,78104,mergersF,Fwd,Both,Merged
Gb_BS_unimp_3C6_s_43,39447,mergersF,Fwd,Both,Merged
Gb_BS_unimp_4D2_s_40,31727,mergersF,Fwd,Both,Merged
Gb_BS_unimp_6F4_s_42,44906,mergersF,Fwd,Both,Merged
Gb_Can_M_Trip8-75.1_d_69,101912,mergersF,Fwd,Both,Merged
Gb_Can_M_Trip8-75.2_d_70,80926,mergersF,Fwd,Both,Merged
Gb_Can_M_Trip8-75.3_d_71,59312,mergersF,Fwd,Both,Merged
Gb_Can_S_15O6_d_75,31905,mergersF,Fwd,Both,Merged
Gb_Can_S_16P6_s_55,164063,mergersF,Fwd,Both,Merged
Gb_Can_S_17Q3_d_77,80699,mergersF,Fwd,Both,Merged
Gb_Can_S_23W6_d_78,27505,mergersF,Fwd,Both,Merged
Gb_Can_S_2B6_d_76,69912,mergersF,Fwd,Both,Merged
Gb_Can_S_5E2_s_44,73776,mergersF,Fwd,Both,Merged
Gb_Can_S_8H6_s_54,51720,mergersF,Fwd,Both,Merged
Gb_FS_MPA_14N4_s_50,50813,mergersF,Fwd,Both,Merged
Gb_FS_MPA_20T6_s_49,44072,mergersF,Fwd,Both,Merged
Gb_FS_MPA_22V2_s_51,61408,mergersF,Fwd,Both,Merged
Gb_NOR_17Q2_s_01,82544,mergersF,Fwd,Both,Merged
Gb_NOR_18R2_s_02,46109,mergersF,Fwd,Both,Merged
Gb_NOR_1A7_s_03,35681,mergersF,Fwd,Both,Merged
Gb_NwK_12L5_s_27,35155,mergersF,Fwd,Both,Merged
Gb_NwK_21U5_s_28,49364,mergersF,Fwd,Both,Merged
Gb_OK_289_d_02,47546,mergersF,Fwd,Both,Merged
Gb_RSB_MPA_13M4_d_74,27321,mergersF,Fwd,Both,Merged
Gb_RSB_MPA_13M5_d_72,40565,mergersF,Fwd,Both,Merged
Gb_RSB_MPA_18R4_d_73,49073,mergersF,Fwd,Both,Merged
Gb_SRT_1A5_s_23,77389,mergersF,Fwd,Both,Merged
Gb_SRT_8H5_s_22,69699,mergersF,Fwd,Both,Merged
Gb_Sva_20T5_s_25,44979,mergersF,Fwd,Both,Merged
Gb_Sva_7G6_s_26,35632,mergersF,Fwd,Both,Merged
Gb_Sw_15O5_s_21,99360,mergersF,Fwd,Both,Merged
Gb_Sw_22V6_s_06,68912,mergersF,Fwd,Both,Merged
Gh_Can_M_Trip8-75.5_d_66,77874,mergersF,Fwd,Both,Merged
Gh_Can_M_Trip8-75.7_d_67,86021,mergersF,Fwd,Both,Merged
Gh_Can_M_Trip8-75.8_d_68,66265,mergersF,Fwd,Both,Merged
Gh_Ice_A11-641-B_s_25,145033,mergersF,Fwd,Both,Merged
Gh_Ice_ME85-3-1123-2-C_d_59,89405,mergersF,Fwd,Both,Merged
Gh_Ice_ME85-3-1123-B_d_60,125483,mergersF,Fwd,Both,Merged
Gh_Ice_ME85-3-1132-A_s_32,131291,mergersF,Fwd,Both,Merged
Gh_JMR-SM_AGT03-26_d_93,83514,mergersF,Fwd,Both,Merged
Gh_JMR_DR01-A_d_87,62879,mergersF,Fwd,Both,Merged
Gh_JMR_DR01-B_d_88,72399,mergersF,Fwd,Both,Merged
Gh_JMR_DR01-C_d_89,63292,mergersF,Fwd,Both,Merged
Gh_JMR_DR05-1-A_s_85,70788,mergersF,Fwd,Both,Merged
Gh_JMR_DR05-1-B_s_86,67272,mergersF,Fwd,Both,Merged
Gh_KS_193.1_d_79,41107,mergersF,Fwd,Both,Merged
Gh_KS_193.2_d_81,114958,mergersF,Fwd,Both,Merged
Gh_KS_197.1_s_57,86903,mergersF,Fwd,Both,Merged
Gh_KS_200.5_s_58,62223,mergersF,Fwd,Both,Merged
Gh_OK_293_d_01,113666,mergersF,Fwd,Both,Merged
Gh_SM_AGT07-22.10_s_28,89966,mergersF,Fwd,Both,Merged
Gh_SM_AGT07-22.2_s_56,83909,mergersF,Fwd,Both,Merged
Gh_SM_AGT07-22.3_s_27,53607,mergersF,Fwd,Both,Merged
Gh_SM_ROV12-11.2_d_29,34315,mergersF,Fwd,Both,Merged
Gh_SM_ROV19-11_d_30,70693,mergersF,Fwd,Both,Merged
Gh_Sva_100_d_82,83073,mergersF,Fwd,Both,Merged
Gh_Sva_101_d_84,118257,mergersF,Fwd,Both,Merged
Gh_Sva_62_s_31,31239,mergersF,Fwd,Both,Merged
Gh_Vst_011TVG-004B_d_92,53404,mergersF,Fwd,Both,Merged
Gh_Vst_019TVG-003B_d_90,109246,mergersF,Fwd,Both,Merged
Gh_Vst_019TVG-010B_d_91,54751,mergersF,Fwd,Both,Merged
Gh_Vst_045TVG-005B_i_61,117397,mergersF,Fwd,Both,Merged
Gh_Vst_045TVG-011B_i_62,140849,mergersF,Fwd,Both,Merged
Gh_Vst_045TVG-012B_i_64,96712,mergersF,Fwd,Both,Merged
Gh_Vst_080TVG-009B_s_17,83456,mergersF,Fwd,Both,Merged
Gh_Vst_080TVG-010B_s_18,182820,mergersF,Fwd,Both,Merged
Gh_Vst_080TVG-013B_s_19,135971,mergersF,Fwd,Both,Merged
Pv_FS_MPA_01601_s_52,28846,mergersF,Fwd,Both,Merged
Pv_FS_MPA_01602_s_26,55469,mergersF,Fwd,Both,Merged
Pv_FS_MPA_01603_s_53,20042,mergersF,Fwd,Both,Merged
Pv_NoS_11452_s_08,59709,mergersF,Fwd,Both,Merged
Pv_NoS_11456_s_22,63483,mergersF,Fwd,Both,Merged
Pv_NoS_Notag_s_09,65180,mergersF,Fwd,Both,Merged
Pv_NwK_ST5-38_s_29,50614,mergersF,Fwd,Both,Merged
Pv_NwK_ST5-39_s_30,73154,mergersF,Fwd,Both,Merged
Pv_RB_11218_s_13,134981,mergersF,Fwd,Both,Merged
Pv_RB_11221_s_23,127033,mergersF,Fwd,Both,Merged
Pv_RB_1418_s_15,48032,mergersF,Fwd,Both,Merged
Pv_RB_1420_s_16,57877,mergersF,Fwd,Both,Merged
Pv_RB_MPA_11417_s_20,39441,mergersF,Fwd,Both,Merged
Pv_RB_MPA_11419_s_21,95701,mergersF,Fwd,Both,Merged
Pv_RB_MPA_1865_s_24,29326,mergersF,Fwd,Both,Merged
Pv_RB_MPA_1866_s_14,36878,mergersF,Fwd,Both,Merged
Pv_SMK_ROV25-12_s_33,33663,mergersF,Fwd,Both,Merged
Pv_SMK_ROV25-13_s_35,21351,mergersF,Fwd,Both,Merged
Pv_SMK_ROV25-14_s_36,59938,mergersF,Fwd,Both,Merged
Pv_SRT_046-26_s_11,38436,mergersF,Fwd,Both,Merged
Pv_SRT_046-49_s_12,81915,mergersF,Fwd,Both,Merged
Pv_SSNd_H044-01642_s_45,60628,mergersF,Fwd,Both,Merged
Pv_SSNd_H044-01643_s_46,31725,mergersF,Fwd,Both,Merged
Pv_SSNd_H044-01645_s_47,26513,mergersF,Fwd,Both,Merged
Pv_Sw_11_s_05,40247,mergersF,Fwd,Both,Merged
Pv_Sw_9_s_04,28457,mergersF,Fwd,Both,Merged
Gb_BS_imp_15O4_s_31,17207,mergersR,Rev,Both,Merged
Gb_BS_imp_18R6_s_38,37053,mergersR,Rev,Both,Merged
Gb_BS_imp_23W4_s_37,28453,mergersR,Rev,Both,Merged
Gb_BS_imp_9I4_s_39,21578,mergersR,Rev,Both,Merged
Gb_BS_unimp_14N5_s_41,52783,mergersR,Rev,Both,Merged
Gb_BS_unimp_3C6_s_43,24373,mergersR,Rev,Both,Merged
Gb_BS_unimp_4D2_s_40,22554,mergersR,Rev,Both,Merged
Gb_BS_unimp_6F4_s_42,33477,mergersR,Rev,Both,Merged
Gb_Can_M_Trip8-75.1_d_69,53043,mergersR,Rev,Both,Merged
Gb_Can_M_Trip8-75.2_d_70,47496,mergersR,Rev,Both,Merged
Gb_Can_M_Trip8-75.3_d_71,32555,mergersR,Rev,Both,Merged
Gb_Can_S_15O6_d_75,21629,mergersR,Rev,Both,Merged
Gb_Can_S_16P6_s_55,117717,mergersR,Rev,Both,Merged
Gb_Can_S_17Q3_d_77,48861,mergersR,Rev,Both,Merged
Gb_Can_S_23W6_d_78,18173,mergersR,Rev,Both,Merged
Gb_Can_S_2B6_d_76,31889,mergersR,Rev,Both,Merged
Gb_Can_S_5E2_s_44,54791,mergersR,Rev,Both,Merged
Gb_Can_S_8H6_s_54,39836,mergersR,Rev,Both,Merged
Gb_FS_MPA_14N4_s_50,25288,mergersR,Rev,Both,Merged
Gb_FS_MPA_20T6_s_49,30715,mergersR,Rev,Both,Merged
Gb_FS_MPA_22V2_s_51,40083,mergersR,Rev,Both,Merged
Gb_NOR_17Q2_s_01,50819,mergersR,Rev,Both,Merged
Gb_NOR_18R2_s_02,35691,mergersR,Rev,Both,Merged
Gb_NOR_1A7_s_03,28512,mergersR,Rev,Both,Merged
Gb_NwK_12L5_s_27,25691,mergersR,Rev,Both,Merged
Gb_NwK_21U5_s_28,29235,mergersR,Rev,Both,Merged
Gb_OK_289_d_02,32928,mergersR,Rev,Both,Merged
Gb_RSB_MPA_13M4_d_74,17831,mergersR,Rev,Both,Merged
Gb_RSB_MPA_13M5_d_72,24371,mergersR,Rev,Both,Merged
Gb_RSB_MPA_18R4_d_73,27178,mergersR,Rev,Both,Merged
Gb_SRT_1A5_s_23,52204,mergersR,Rev,Both,Merged
Gb_SRT_8H5_s_22,44453,mergersR,Rev,Both,Merged
Gb_Sva_20T5_s_25,24125,mergersR,Rev,Both,Merged
Gb_Sva_7G6_s_26,22613,mergersR,Rev,Both,Merged
Gb_Sw_15O5_s_21,56580,mergersR,Rev,Both,Merged
Gb_Sw_22V6_s_06,48098,mergersR,Rev,Both,Merged
Gh_Can_M_Trip8-75.5_d_66,41648,mergersR,Rev,Both,Merged
Gh_Can_M_Trip8-75.7_d_67,51509,mergersR,Rev,Both,Merged
Gh_Can_M_Trip8-75.8_d_68,39933,mergersR,Rev,Both,Merged
Gh_Ice_A11-641-B_s_25,71099,mergersR,Rev,Both,Merged
Gh_Ice_ME85-3-1123-2-C_d_59,51814,mergersR,Rev,Both,Merged
Gh_Ice_ME85-3-1123-B_d_60,71776,mergersR,Rev,Both,Merged
Gh_Ice_ME85-3-1132-A_s_32,104791,mergersR,Rev,Both,Merged
Gh_JMR-SM_AGT03-26_d_93,43505,mergersR,Rev,Both,Merged
Gh_JMR_DR01-A_d_87,35083,mergersR,Rev,Both,Merged
Gh_JMR_DR01-B_d_88,42928,mergersR,Rev,Both,Merged
Gh_JMR_DR01-C_d_89,36457,mergersR,Rev,Both,Merged
Gh_JMR_DR05-1-A_s_85,39423,mergersR,Rev,Both,Merged
Gh_JMR_DR05-1-B_s_86,42889,mergersR,Rev,Both,Merged
Gh_KS_193.1_d_79,27196,mergersR,Rev,Both,Merged
Gh_KS_193.2_d_81,74888,mergersR,Rev,Both,Merged
Gh_KS_197.1_s_57,46857,mergersR,Rev,Both,Merged
Gh_KS_200.5_s_58,49385,mergersR,Rev,Both,Merged
Gh_OK_293_d_01,62092,mergersR,Rev,Both,Merged
Gh_SM_AGT07-22.10_s_28,47636,mergersR,Rev,Both,Merged
Gh_SM_AGT07-22.2_s_56,53586,mergersR,Rev,Both,Merged
Gh_SM_AGT07-22.3_s_27,36617,mergersR,Rev,Both,Merged
Gh_SM_ROV12-11.2_d_29,18611,mergersR,Rev,Both,Merged
Gh_SM_ROV19-11_d_30,34952,mergersR,Rev,Both,Merged
Gh_Sva_100_d_82,56492,mergersR,Rev,Both,Merged
Gh_Sva_101_d_84,69976,mergersR,Rev,Both,Merged
Gh_Sva_62_s_31,22272,mergersR,Rev,Both,Merged
Gh_Vst_011TVG-004B_d_92,29471,mergersR,Rev,Both,Merged
Gh_Vst_019TVG-003B_d_90,64769,mergersR,Rev,Both,Merged
Gh_Vst_019TVG-010B_d_91,27796,mergersR,Rev,Both,Merged
Gh_Vst_045TVG-005B_i_61,82606,mergersR,Rev,Both,Merged
Gh_Vst_045TVG-011B_i_62,90845,mergersR,Rev,Both,Merged
Gh_Vst_045TVG-012B_i_64,60429,mergersR,Rev,Both,Merged
Gh_Vst_080TVG-009B_s_17,63139,mergersR,Rev,Both,Merged
Gh_Vst_080TVG-010B_s_18,121927,mergersR,Rev,Both,Merged
Gh_Vst_080TVG-013B_s_19,95354,mergersR,Rev,Both,Merged
Pv_FS_MPA_01601_s_52,19192,mergersR,Rev,Both,Merged
Pv_FS_MPA_01602_s_26,29070,mergersR,Rev,Both,Merged
Pv_FS_MPA_01603_s_53,13082,mergersR,Rev,Both,Merged
Pv_NoS_11452_s_08,43944,mergersR,Rev,Both,Merged
Pv_NoS_11456_s_22,38914,mergersR,Rev,Both,Merged
Pv_NoS_Notag_s_09,45486,mergersR,Rev,Both,Merged
Pv_NwK_ST5-38_s_29,28521,mergersR,Rev,Both,Merged
Pv_NwK_ST5-39_s_30,42514,mergersR,Rev,Both,Merged
Pv_RB_11218_s_13,106359,mergersR,Rev,Both,Merged
Pv_RB_11221_s_23,79166,mergersR,Rev,Both,Merged
Pv_RB_1418_s_15,47843,mergersR,Rev,Both,Merged
Pv_RB_1420_s_16,35787,mergersR,Rev,Both,Merged
Pv_RB_MPA_11417_s_20,30175,mergersR,Rev,Both,Merged
Pv_RB_MPA_11419_s_21,68526,mergersR,Rev,Both,Merged
Pv_RB_MPA_1865_s_24,18238,mergersR,Rev,Both,Merged
Pv_RB_MPA_1866_s_14,22660,mergersR,Rev,Both,Merged
Pv_SMK_ROV25-12_s_33,17449,mergersR,Rev,Both,Merged
Pv_SMK_ROV25-13_s_35,15169,mergersR,Rev,Both,Merged
Pv_SMK_ROV25-14_s_36,38997,mergersR,Rev,Both,Merged
Pv_SRT_046-26_s_11,28956,mergersR,Rev,Both,Merged
Pv_SRT_046-49_s_12,53265,mergersR,Rev,Both,Merged
Pv_SSNd_H044-01642_s_45,47792,mergersR,Rev,Both,Merged
Pv_SSNd_H044-01643_s_46,24214,mergersR,Rev,Both,Merged
Pv_SSNd_H044-01645_s_47,19052,mergersR,Rev,Both,Merged
Pv_Sw_11_s_05,22298,mergersR,Rev,Both,Merged
Pv_Sw_9_s_04,27946,mergersR,Rev,Both,Merged
